Price,Close,High,Low,Open,Volume
Ticker,FIXA11.SA,FIXA11.SA,FIXA11.SA,FIXA11.SA,FIXA11.SA
Date,,,,,
2021-01-12,13.239999771118164,13.239999771118164,13.170000076293945,13.199999809265137,3293
2021-01-13,13.170000076293945,13.239999771118164,13.170000076293945,13.239999771118164,44007
2021-01-14,13.210000038146973,13.210000038146973,13.170000076293945,13.170000076293945,450459
2021-01-15,13.1899995803833,13.229999542236328,13.170000076293945,13.229999542236328,6797
2021-01-18,13.220000267028809,13.220000267028809,13.170000076293945,13.199999809265137,26518
2021-01-19,13.210000038146973,13.239999771118164,13.15999984741211,13.239999771118164,22724
2021-01-20,13.199999809265137,13.210000038146973,13.1899995803833,13.199999809265137,14147
2021-01-21,13.170000076293945,13.229999542236328,13.140000343322754,13.229999542236328,18034
2021-01-22,13.119999885559082,13.15999984741211,13.109999656677246,13.15999984741211,10362
2021-01-26,13.149999618530273,13.180000305175781,13.149999618530273,13.149999618530273,17789
2021-01-27,13.1899995803833,13.210000038146973,13.020000457763672,13.149999618530273,1938
2021-01-28,13.239999771118164,13.270000457763672,13.220000267028809,13.220000267028809,27982
2021-01-29,13.270000457763672,13.279999732971191,13.25,13.279999732971191,324173
2021-02-01,13.279999732971191,13.319999694824219,13.239999771118164,13.319999694824219,6588
2021-02-02,13.0600004196167,13.350000381469727,13.0600004196167,13.279999732971191,21026
2021-02-03,13.34000015258789,13.350000381469727,13.079999923706055,13.34000015258789,74545
2021-02-04,13.289999961853027,13.359999656677246,13.289999961853027,13.359999656677246,8445
2021-02-05,13.279999732971191,13.3100004196167,13.229999542236328,13.3100004196167,10990
2021-02-08,13.279999732971191,13.289999961853027,13.239999771118164,13.279999732971191,3176
2021-02-09,13.239999771118164,13.289999961853027,13.229999542236328,13.289999961853027,27881
2021-02-10,13.279999732971191,13.279999732971191,13.1899995803833,13.260000228881836,8381
2021-02-11,13.279999732971191,13.300000190734863,13.229999542236328,13.300000190734863,34177
2021-02-12,13.25,13.350000381469727,13.220000267028809,13.350000381469727,31733
2021-02-17,13.199999809265137,13.229999542236328,13.15999984741211,13.1899995803833,6605
2021-02-18,13.199999809265137,13.260000228881836,13.180000305175781,13.199999809265137,18577
2021-02-19,13.180000305175781,13.239999771118164,13.15999984741211,13.199999809265137,8156
2021-02-22,13.119999885559082,13.140000343322754,13.0600004196167,13.140000343322754,35484
2021-02-23,13.149999618530273,13.170000076293945,13.09000015258789,13.170000076293945,29447
2021-02-24,13.109999656677246,13.149999618530273,12.760000228881836,13.149999618530273,38953
2021-02-25,13.039999961853027,13.140000343322754,13.010000228881836,13.109999656677246,23755
2021-02-26,13.020000457763672,13.050000190734863,12.600000381469727,13.039999961853027,58817
2021-03-01,12.960000038146973,13.039999961853027,12.9399995803833,13.039999961853027,21290
2021-03-02,12.930000305175781,12.9399995803833,12.699999809265137,12.9399995803833,40464
2021-03-03,12.890000343322754,12.9399995803833,12.859999656677246,12.9399995803833,21971
2021-03-04,13.039999961853027,13.079999923706055,12.960000038146973,12.960000038146973,35415
2021-03-05,13.109999656677246,13.109999656677246,12.989999771118164,13.0600004196167,28664
2021-03-08,13.010000228881836,13.109999656677246,12.989999771118164,13.109999656677246,13849
2021-03-09,12.970000267028809,13.029999732971191,12.899999618530273,12.979999542236328,68954
2021-03-10,12.949999809265137,12.970000267028809,12.899999618530273,12.960000038146973,26164
2021-03-11,12.970000267028809,13.010000228881836,12.930000305175781,12.9399995803833,58719
2021-03-12,12.930000305175781,12.949999809265137,12.920000076293945,12.930000305175781,27964
2021-03-15,12.960000038146973,12.989999771118164,12.890000343322754,12.90999984741211,13045
2021-03-16,12.949999809265137,13.0,12.9399995803833,12.949999809265137,28332
2021-03-17,12.9399995803833,12.9399995803833,12.899999618530273,12.899999618530273,62048
2021-03-18,12.9399995803833,12.9399995803833,12.880000114440918,12.930000305175781,3619
2021-03-19,12.890000343322754,12.949999809265137,12.880000114440918,12.949999809265137,11626
2021-03-22,12.850000381469727,12.869999885559082,12.819999694824219,12.869999885559082,2339
2021-03-23,12.8100004196167,12.859999656677246,12.800000190734863,12.8100004196167,15498
2021-03-24,12.760000228881836,12.8100004196167,12.75,12.8100004196167,30226
2021-03-25,12.739999771118164,12.800000190734863,12.710000038146973,12.789999961853027,135612
2021-03-26,12.760000228881836,12.84000015258789,12.760000228881836,12.829999923706055,24958
2021-03-29,12.710000038146973,12.770000457763672,12.699999809265137,12.770000457763672,14514
2021-03-30,12.770000457763672,12.770000457763672,12.699999809265137,12.710000038146973,2027
2021-03-31,12.800000190734863,12.819999694824219,12.770000457763672,12.819999694824219,56162
2021-04-01,12.770000457763672,12.789999961853027,12.739999771118164,12.739999771118164,5126
2021-04-05,12.770000457763672,12.800000190734863,12.729999542236328,12.800000190734863,60390
2021-04-06,12.75,12.8100004196167,12.739999771118164,12.8100004196167,1487
2021-04-07,12.720000267028809,12.75,12.699999809265137,12.739999771118164,324001
2021-04-08,12.779999732971191,12.779999732971191,12.680000305175781,12.680000305175781,70881
2021-04-09,12.739999771118164,12.779999732971191,12.729999542236328,12.729999542236328,17673
2021-04-12,12.75,12.770000457763672,12.720000267028809,12.720000267028809,17734
2021-04-13,12.75,12.779999732971191,12.699999809265137,12.710000038146973,344673
2021-04-14,12.720000267028809,12.739999771118164,12.670000076293945,12.670000076293945,98350
2021-04-15,12.760000228881836,12.760000228881836,12.720000267028809,12.720000267028809,15438
2021-04-16,12.84000015258789,12.850000381469727,12.729999542236328,12.729999542236328,22650
2021-04-19,12.869999885559082,12.880000114440918,12.859999656677246,12.859999656677246,60143
2021-04-20,12.829999923706055,12.880000114440918,12.819999694824219,12.880000114440918,11124
2021-04-22,12.90999984741211,12.90999984741211,12.819999694824219,12.829999923706055,8062
2021-04-23,12.920000076293945,12.930000305175781,12.899999618530273,12.920000076293945,22532
2021-04-26,12.930000305175781,12.930000305175781,12.859999656677246,12.859999656677246,241270
2021-04-27,12.90999984741211,12.960000038146973,12.90999984741211,12.960000038146973,2714
2021-04-28,12.920000076293945,12.930000305175781,12.859999656677246,12.920000076293945,23116
2021-04-29,12.9399995803833,12.9399995803833,12.869999885559082,12.9399995803833,14372
2021-04-30,12.90999984741211,12.920000076293945,12.899999618530273,12.90999984741211,954
2021-05-03,12.869999885559082,12.930000305175781,12.859999656677246,12.859999656677246,2494
2021-05-04,12.829999923706055,12.890000343322754,12.819999694824219,12.890000343322754,17688
2021-05-05,12.84000015258789,12.84000015258789,12.829999923706055,12.829999923706055,1112
2021-05-06,12.829999923706055,12.920000076293945,12.8100004196167,12.8100004196167,45407
2021-05-07,12.8100004196167,12.829999923706055,12.800000190734863,12.800000190734863,564
2021-05-10,12.789999961853027,12.84000015258789,12.770000457763672,12.770000457763672,11868
2021-05-11,12.819999694824219,12.819999694824219,12.779999732971191,12.779999732971191,15936
2021-05-12,12.779999732971191,12.84000015258789,12.760000228881836,12.819999694824219,14423
2021-05-13,12.789999961853027,12.8100004196167,12.770000457763672,12.8100004196167,3713
2021-05-14,12.779999732971191,12.800000190734863,12.770000457763672,12.779999732971191,10784
2021-05-17,12.789999961853027,12.800000190734863,12.789999961853027,12.789999961853027,23006
2021-05-18,12.770000457763672,12.800000190734863,12.75,12.800000190734863,14122
2021-05-19,12.770000457763672,12.800000190734863,12.760000228881836,12.800000190734863,89221
2021-05-20,12.800000190734863,12.8100004196167,12.739999771118164,12.800000190734863,162146
2021-05-21,12.829999923706055,12.84000015258789,12.789999961853027,12.8100004196167,61560
2021-05-24,12.8100004196167,12.859999656677246,12.8100004196167,12.859999656677246,2940
2021-05-25,12.84000015258789,12.880000114440918,12.800000190734863,12.859999656677246,10879
2021-05-26,12.869999885559082,12.880000114440918,12.850000381469727,12.850000381469727,4081
2021-05-27,12.90999984741211,12.90999984741211,12.84000015258789,12.84000015258789,13979
2021-05-28,12.949999809265137,12.949999809265137,12.90999984741211,12.949999809265137,521
2021-05-31,12.920000076293945,12.9399995803833,12.899999618530273,12.899999618530273,21344
2021-06-01,12.899999618530273,12.920000076293945,12.899999618530273,12.90999984741211,10482
2021-06-02,12.9399995803833,12.9399995803833,12.90999984741211,12.90999984741211,4577
2021-06-04,13.0,13.0,12.949999809265137,12.949999809265137,30925
2021-06-07,12.949999809265137,13.0,12.930000305175781,12.930000305175781,1571
2021-06-08,12.960000038146973,13.029999732971191,12.90999984741211,12.920000076293945,89917
2021-06-09,12.949999809265137,12.989999771118164,12.930000305175781,12.989999771118164,6514
2021-06-10,12.90999984741211,12.979999542236328,12.90999984741211,12.979999542236328,985
2021-06-11,12.880000114440918,12.90999984741211,12.84000015258789,12.90999984741211,754
2021-06-14,12.890000343322754,12.920000076293945,12.84000015258789,12.920000076293945,7687
2021-06-15,12.899999618530273,12.930000305175781,12.880000114440918,12.899999618530273,12798
2021-06-16,12.899999618530273,12.920000076293945,12.899999618530273,12.920000076293945,1668
2021-06-17,12.859999656677246,12.920000076293945,12.850000381469727,12.899999618530273,6285
2021-06-18,12.829999923706055,12.930000305175781,12.8100004196167,12.890000343322754,5485
2021-06-21,12.859999656677246,12.859999656677246,12.819999694824219,12.819999694824219,8405
2021-06-22,12.829999923706055,12.850000381469727,12.8100004196167,12.84000015258789,24255
2021-06-23,12.8100004196167,12.890000343322754,12.8100004196167,12.890000343322754,2627
2021-06-24,12.880000114440918,12.890000343322754,12.829999923706055,12.890000343322754,10284
2021-06-25,12.890000343322754,12.899999618530273,12.859999656677246,12.890000343322754,16006
2021-06-28,12.9399995803833,12.9399995803833,12.880000114440918,12.920000076293945,25682
2021-06-29,12.949999809265137,12.949999809265137,12.930000305175781,12.9399995803833,5432
2021-06-30,12.920000076293945,12.970000267028809,12.899999618530273,12.930000305175781,9980
2021-07-01,12.899999618530273,12.9399995803833,12.84000015258789,12.9399995803833,18706
2021-07-02,12.899999618530273,12.899999618530273,12.859999656677246,12.859999656677246,11650
2021-07-05,12.880000114440918,12.890000343322754,12.859999656677246,12.890000343322754,1430
2021-07-06,12.829999923706055,12.850000381469727,12.8100004196167,12.8100004196167,369
2021-07-07,12.869999885559082,12.890000343322754,12.829999923706055,12.890000343322754,14976
2021-07-08,12.850000381469727,12.920000076293945,12.829999923706055,12.859999656677246,10960
2021-07-12,12.880000114440918,12.890000343322754,12.819999694824219,12.819999694824219,5250
2021-07-13,12.819999694824219,12.859999656677246,12.779999732971191,12.8100004196167,9460
2021-07-14,12.880000114440918,12.890000343322754,12.84000015258789,12.850000381469727,878645
2021-07-15,12.880000114440918,12.880000114440918,12.850000381469727,12.869999885559082,774
2021-07-16,12.920000076293945,12.930000305175781,12.859999656677246,12.859999656677246,1969
2021-07-19,12.930000305175781,12.9399995803833,12.920000076293945,12.920000076293945,504
2021-07-20,12.949999809265137,12.960000038146973,12.9399995803833,12.949999809265137,7081
2021-07-21,12.960000038146973,12.960000038146973,12.930000305175781,12.949999809265137,122819
2021-07-22,12.960000038146973,12.970000267028809,12.949999809265137,12.960000038146973,7096
2021-07-23,12.899999618530273,12.970000267028809,12.869999885559082,12.899999618530273,10245
2021-07-26,12.890000343322754,12.899999618530273,12.869999885559082,12.869999885559082,3945
2021-07-27,12.859999656677246,12.859999656677246,12.84000015258789,12.859999656677246,2417
2021-07-28,12.850000381469727,12.859999656677246,12.819999694824219,12.850000381469727,11017
2021-07-29,12.880000114440918,12.890000343322754,12.859999656677246,12.869999885559082,10173
2021-07-30,12.800000190734863,12.90999984741211,12.779999732971191,12.90999984741211,31227
2021-08-02,12.770000457763672,12.829999923706055,12.760000228881836,12.800000190734863,13802
2021-08-03,12.75,12.75,12.699999809265137,12.729999542236328,15029
2021-08-04,12.760000228881836,12.819999694824219,12.729999542236328,12.819999694824219,303
2021-08-05,12.65999984741211,12.789999961853027,12.65999984741211,12.789999961853027,59699
2021-08-06,12.680000305175781,12.6899995803833,12.600000381469727,12.609999656677246,2159
2021-08-09,12.680000305175781,12.680000305175781,12.640000343322754,12.640000343322754,30033
2021-08-10,12.710000038146973,12.710000038146973,12.680000305175781,12.680000305175781,9041
2021-08-11,12.699999809265137,12.760000228881836,12.6899995803833,12.75,1896
2021-08-12,12.649999618530273,12.710000038146973,12.640000343322754,12.710000038146973,3244
2021-08-13,12.600000381469727,12.65999984741211,12.569999694824219,12.600000381469727,22121
2021-08-16,12.569999694824219,12.609999656677246,12.5600004196167,12.569999694824219,15196
2021-08-17,12.569999694824219,12.569999694824219,12.510000228881836,12.5600004196167,42802
2021-08-18,12.479999542236328,12.579999923706055,12.479999542236328,12.579999923706055,21704
2021-08-19,12.510000228881836,12.529999732971191,12.430000305175781,12.430000305175781,20768
2021-08-20,12.579999923706055,12.59000015258789,12.479999542236328,12.479999542236328,9559
2021-08-23,12.520000457763672,12.569999694824219,12.489999771118164,12.520000457763672,32645
2021-08-24,12.569999694824219,12.579999923706055,12.529999732971191,12.569999694824219,18487
2021-08-25,12.619999885559082,12.619999885559082,12.529999732971191,12.579999923706055,11911
2021-08-26,12.630000114440918,12.640000343322754,12.600000381469727,12.619999885559082,25108
2021-08-27,12.65999984741211,12.65999984741211,12.630000114440918,12.640000343322754,2744
2021-08-30,12.670000076293945,12.670000076293945,12.630000114440918,12.630000114440918,37724
2021-08-31,12.609999656677246,12.649999618530273,12.600000381469727,12.640000343322754,20735
2021-09-01,12.600000381469727,12.65999984741211,12.579999923706055,12.65999984741211,679
2021-09-02,12.550000190734863,12.600000381469727,12.489999771118164,12.489999771118164,19347
2021-09-03,12.539999961853027,12.550000190734863,12.5,12.550000190734863,10127
2021-09-06,12.550000190734863,12.550000190734863,12.449999809265137,12.520000457763672,33296
2021-09-08,12.489999771118164,12.5600004196167,12.479999542236328,12.5600004196167,27908
2021-09-09,12.4399995803833,12.479999542236328,12.300000190734863,12.479999542236328,21212
2021-09-10,12.4399995803833,12.479999542236328,12.420000076293945,12.479999542236328,24598
2021-09-13,12.449999809265137,12.59000015258789,12.4399995803833,12.470000267028809,3670
2021-09-14,12.489999771118164,12.489999771118164,12.430000305175781,12.430000305175781,37286
2021-09-15,12.470000267028809,12.5,12.449999809265137,12.5,3800
2021-09-16,12.470000267028809,12.479999542236328,12.460000038146973,12.479999542236328,9232
2021-09-17,12.460000038146973,12.460000038146973,12.430000305175781,12.4399995803833,11629
2021-09-20,12.479999542236328,12.510000228881836,12.449999809265137,12.510000228881836,15235
2021-09-21,12.569999694824219,12.569999694824219,12.40999984741211,12.479999542236328,16100
2021-09-22,12.59000015258789,12.600000381469727,12.260000228881836,12.569999694824219,24562
2021-09-23,12.550000190734863,12.59000015258789,12.539999961853027,12.569999694824219,1094
2021-09-24,12.520000457763672,12.529999732971191,12.489999771118164,12.520000457763672,14193
2021-09-27,12.489999771118164,12.510000228881836,12.479999542236328,12.5,570
2021-09-28,12.460000038146973,12.479999542236328,12.40999984741211,12.479999542236328,24214
2021-09-29,12.489999771118164,12.5,12.460000038146973,12.479999542236328,4968
2021-09-30,12.470000267028809,12.510000228881836,12.4399995803833,12.510000228881836,100928
2021-10-01,12.510000228881836,12.510000228881836,12.460000038146973,12.460000038146973,48279
2021-10-04,12.5,12.5,12.470000267028809,12.489999771118164,13760
2021-10-05,12.489999771118164,12.520000457763672,12.4399995803833,12.4399995803833,13487
2021-10-06,12.550000190734863,12.5600004196167,12.489999771118164,12.489999771118164,1457
2021-10-07,12.529999732971191,12.550000190734863,12.510000228881836,12.520000457763672,11846
2021-10-08,12.600000381469727,12.600000381469727,12.550000190734863,12.569999694824219,380311
2021-10-11,12.579999923706055,12.609999656677246,12.350000381469727,12.350000381469727,20557
2021-10-13,12.600000381469727,12.600000381469727,12.5600004196167,12.5600004196167,7750
2021-10-14,12.579999923706055,12.600000381469727,12.579999923706055,12.59000015258789,23883
2021-10-15,12.550000190734863,12.600000381469727,12.529999732971191,12.5600004196167,18388
2021-10-18,12.539999961853027,12.550000190734863,12.5,12.550000190734863,18614
2021-10-19,12.350000381469727,12.460000038146973,12.25,12.449999809265137,71203
2021-10-20,12.359999656677246,12.369999885559082,12.319999694824219,12.34000015258789,31395
2021-10-21,12.199999809265137,12.239999771118164,12.09000015258789,12.229999542236328,105265
2021-10-22,12.170000076293945,12.170000076293945,11.880000114440918,12.109999656677246,156881
2021-10-25,12.140000343322754,12.149999618530273,12.050000190734863,12.149999618530273,41180
2021-10-26,12.0600004196167,12.0600004196167,11.979999542236328,12.039999961853027,22786
2021-10-27,12.079999923706055,12.09000015258789,12.0600004196167,12.069999694824219,25352
2021-10-28,11.890000343322754,12.029999732971191,11.869999885559082,12.0,2904
2021-10-29,11.970000267028809,12.0,11.850000381469727,11.930000305175781,35232
2021-11-01,11.90999984741211,11.970000267028809,11.869999885559082,11.970000267028809,13058
2021-11-03,12.020000457763672,12.020000457763672,11.779999732971191,11.779999732971191,3537
2021-11-04,11.989999771118164,12.100000381469727,11.970000267028809,11.989999771118164,1890
2021-11-05,12.020000457763672,12.050000190734863,11.989999771118164,12.0,11068
2021-11-08,12.010000228881836,12.029999732971191,11.960000038146973,11.960000038146973,10366
2021-11-09,12.069999694824219,12.100000381469727,12.029999732971191,12.039999961853027,111
2021-11-10,12.09000015258789,12.170000076293945,12.0600004196167,12.069999694824219,14942
2021-11-11,12.119999885559082,12.180000305175781,12.119999885559082,12.119999885559082,20294
2021-11-12,12.130000114440918,12.149999618530273,12.100000381469727,12.100000381469727,60
2021-11-16,12.119999885559082,12.15999984741211,12.09000015258789,12.100000381469727,501
2021-11-17,12.09000015258789,12.119999885559082,12.069999694824219,12.119999885559082,12486
2021-11-18,12.069999694824219,12.09000015258789,12.0600004196167,12.079999923706055,11966
2021-11-19,12.100000381469727,12.149999618530273,12.100000381469727,12.119999885559082,11899
2021-11-22,12.039999961853027,12.100000381469727,12.039999961853027,12.09000015258789,25068
2021-11-23,12.119999885559082,12.119999885559082,12.020000457763672,12.029999732971191,624
2021-11-24,12.149999618530273,12.180000305175781,12.09000015258789,12.100000381469727,312
2021-11-25,12.149999618530273,12.180000305175781,12.149999618530273,12.180000305175781,2223
2021-11-26,12.1899995803833,12.199999809265137,12.170000076293945,12.1899995803833,236
2021-11-29,12.229999542236328,12.239999771118164,11.899999618530273,12.1899995803833,51076
2021-11-30,12.270000457763672,12.279999732971191,12.25,12.260000228881836,4182
2021-12-01,12.270000457763672,12.279999732971191,12.25,12.270000457763672,17439
2021-12-02,12.329999923706055,12.359999656677246,12.300000190734863,12.300000190734863,5111
2021-12-03,12.460000038146973,12.460000038146973,12.319999694824219,12.319999694824219,373452
2021-12-06,12.460000038146973,12.479999542236328,12.4399995803833,12.4399995803833,30157
2021-12-07,12.460000038146973,12.479999542236328,12.4399995803833,12.470000267028809,21124
2021-12-08,12.520000457763672,12.550000190734863,12.050000190734863,12.050000190734863,30133
2021-12-09,12.510000228881836,12.510000228881836,12.470000267028809,12.479999542236328,20301
2021-12-10,12.59000015258789,12.630000114440918,12.579999923706055,12.609999656677246,13929
2021-12-13,12.569999694824219,12.619999885559082,12.550000190734863,12.550000190734863,2691
2021-12-14,12.59000015258789,12.630000114440918,12.520000457763672,12.520000457763672,654
2021-12-15,12.569999694824219,12.579999923706055,12.550000190734863,12.5600004196167,5207
2021-12-16,12.550000190734863,12.5600004196167,12.470000267028809,12.470000267028809,554
2021-12-17,12.520000457763672,12.550000190734863,12.510000228881836,12.550000190734863,356
2021-12-20,12.600000381469727,12.600000381469727,12.489999771118164,12.520000457763672,10336
2021-12-21,12.649999618530273,12.6899995803833,12.5,12.6899995803833,1686
2021-12-22,12.630000114440918,12.630000114440918,12.600000381469727,12.609999656677246,12921
2021-12-23,12.600000381469727,12.6899995803833,12.100000381469727,12.6899995803833,26525
2021-12-27,12.609999656677246,12.609999656677246,12.579999923706055,12.59000015258789,639
2021-12-28,12.609999656677246,12.609999656677246,12.600000381469727,12.600000381469727,8441
2021-12-29,12.579999923706055,12.6899995803833,12.569999694824219,12.6899995803833,6446
2021-12-30,12.609999656677246,12.670000076293945,12.609999656677246,12.670000076293945,1218
2022-01-03,12.5600004196167,12.670000076293945,12.520000457763672,12.569999694824219,14082
2022-01-04,12.430000305175781,12.609999656677246,12.420000076293945,12.510000228881836,8644
2022-01-05,12.399999618530273,12.430000305175781,12.390000343322754,12.40999984741211,3893
2022-01-06,12.390000343322754,12.420000076293945,12.380000114440918,12.390000343322754,12112
2022-01-07,12.359999656677246,12.369999885559082,12.34000015258789,12.369999885559082,3021
2022-01-10,12.34000015258789,12.359999656677246,12.3100004196167,12.3100004196167,6885
2022-01-11,12.34000015258789,12.399999618530273,12.329999923706055,12.399999618530273,10032
2022-01-12,12.4399995803833,12.4399995803833,12.3100004196167,12.34000015258789,54073
2022-01-13,12.460000038146973,12.489999771118164,12.369999885559082,12.430000305175781,16043
2022-01-14,12.460000038146973,12.479999542236328,12.449999809265137,12.470000267028809,4074
2022-01-17,12.399999618530273,12.460000038146973,12.399999618530273,12.460000038146973,6926
2022-01-18,12.390000343322754,12.40999984741211,12.380000114440918,12.399999618530273,130
2022-01-19,12.449999809265137,12.470000267028809,12.399999618530273,12.399999618530273,1922
2022-01-20,12.539999961853027,12.539999961853027,12.449999809265137,12.449999809265137,1066
2022-01-21,12.5,12.529999732971191,12.479999542236328,12.529999732971191,140
2022-01-24,12.539999961853027,12.539999961853027,12.399999618530273,12.479999542236328,5840
2022-01-25,12.5600004196167,12.5600004196167,12.489999771118164,12.489999771118164,403
2022-01-26,12.569999694824219,12.600000381469727,12.550000190734863,12.600000381469727,1639
2022-01-27,12.489999771118164,12.550000190734863,12.489999771118164,12.550000190734863,11139
2022-01-28,12.479999542236328,12.529999732971191,12.479999542236328,12.510000228881836,1222
2022-01-31,12.510000228881836,12.520000457763672,12.489999771118164,12.5,11766
2022-02-01,12.569999694824219,12.569999694824219,12.529999732971191,12.539999961853027,6017
2022-02-02,12.609999656677246,12.609999656677246,12.5600004196167,12.5600004196167,262
2022-02-03,12.649999618530273,12.680000305175781,12.510000228881836,12.579999923706055,74799
2022-02-04,12.59000015258789,12.609999656677246,12.579999923706055,12.59000015258789,11493
2022-02-07,12.630000114440918,12.640000343322754,12.579999923706055,12.579999923706055,6258
2022-02-08,12.59000015258789,12.609999656677246,12.579999923706055,12.600000381469727,12721
2022-02-09,12.579999923706055,12.649999618530273,12.550000190734863,12.649999618530273,3980
2022-02-10,12.539999961853027,12.59000015258789,12.529999732971191,12.59000015258789,5207
2022-02-11,12.510000228881836,12.600000381469727,12.449999809265137,12.449999809265137,4574
2022-02-14,12.5,12.529999732971191,12.420000076293945,12.420000076293945,709
2022-02-15,12.550000190734863,12.569999694824219,12.420000076293945,12.539999961853027,179
2022-02-16,12.539999961853027,12.550000190734863,12.470000267028809,12.550000190734863,19587
2022-02-17,12.520000457763672,12.550000190734863,12.470000267028809,12.550000190734863,1058
2022-02-18,12.539999961853027,12.550000190734863,12.449999809265137,12.550000190734863,117
2022-02-21,12.569999694824219,12.569999694824219,12.529999732971191,12.5600004196167,46340
2022-02-22,12.5600004196167,12.59000015258789,12.550000190734863,12.579999923706055,11556
2022-02-23,12.609999656677246,12.609999656677246,12.569999694824219,12.600000381469727,3800
2022-02-24,12.579999923706055,12.59000015258789,12.5600004196167,12.569999694824219,12231
2022-02-25,12.569999694824219,12.59000015258789,12.550000190734863,12.59000015258789,10482
2022-03-02,12.539999961853027,12.579999923706055,12.520000457763672,12.579999923706055,614
2022-03-03,12.479999542236328,12.579999923706055,12.449999809265137,12.579999923706055,63921
2022-03-04,12.40999984741211,12.579999923706055,12.359999656677246,12.579999923706055,91637
2022-03-07,12.34000015258789,12.390000343322754,12.300000190734863,12.300000190734863,58548
2022-03-08,12.300000190734863,12.550000190734863,12.279999732971191,12.550000190734863,33864
2022-03-09,12.390000343322754,12.390000343322754,12.260000228881836,12.329999923706055,20944
2022-03-10,12.350000381469727,12.350000381469727,12.220000267028809,12.3100004196167,90155
2022-03-11,12.300000190734863,12.420000076293945,12.229999542236328,12.329999923706055,81612
2022-03-14,12.239999771118164,12.279999732971191,12.210000038146973,12.210000038146973,10273
2022-03-15,12.319999694824219,12.350000381469727,12.279999732971191,12.279999732971191,33291
2022-03-16,12.319999694824219,12.350000381469727,12.300000190734863,12.3100004196167,21542
2022-03-17,12.369999885559082,12.369999885559082,12.229999542236328,12.319999694824219,41515
2022-03-18,12.4399995803833,12.4399995803833,12.369999885559082,12.369999885559082,30041
2022-03-21,12.40999984741211,12.430000305175781,12.380000114440918,12.380000114440918,14077
2022-03-22,12.460000038146973,12.460000038146973,12.399999618530273,12.449999809265137,20606
2022-03-23,12.460000038146973,12.5,12.4399995803833,12.449999809265137,31815
2022-03-24,12.579999923706055,12.579999923706055,12.420000076293945,12.420000076293945,31102
2022-03-25,12.65999984741211,12.680000305175781,12.569999694824219,12.600000381469727,30766
2022-03-28,12.680000305175781,12.699999809265137,12.649999618530273,12.680000305175781,41585
2022-03-29,12.720000267028809,12.739999771118164,12.680000305175781,12.699999809265137,44289
2022-03-30,12.65999984741211,12.720000267028809,12.630000114440918,12.6899995803833,150538
2022-03-31,12.6899995803833,12.720000267028809,12.619999885559082,12.619999885559082,14678
2022-04-01,12.779999732971191,12.779999732971191,12.539999961853027,12.539999961853027,2845
2022-04-04,12.800000190734863,12.8100004196167,12.75,12.779999732971191,11419
2022-04-05,12.729999542236328,12.800000190734863,12.729999542236328,12.800000190734863,10206
2022-04-06,12.710000038146973,12.710000038146973,12.680000305175781,12.680000305175781,26111
2022-04-07,12.680000305175781,12.729999542236328,12.680000305175781,12.729999542236328,10434
2022-04-08,12.609999656677246,12.619999885559082,12.579999923706055,12.609999656677246,25562
2022-04-11,12.550000190734863,12.579999923706055,12.529999732971191,12.579999923706055,2829
2022-04-12,12.539999961853027,12.609999656677246,12.529999732971191,12.609999656677246,10357
2022-04-13,12.539999961853027,12.5600004196167,12.529999732971191,12.5600004196167,12
2022-04-14,12.510000228881836,12.5600004196167,12.470000267028809,12.470000267028809,2523
2022-04-18,12.550000190734863,12.550000190734863,12.199999809265137,12.199999809265137,10326
2022-04-19,12.539999961853027,12.569999694824219,12.489999771118164,12.569999694824219,124
2022-04-20,12.529999732971191,12.59000015258789,12.520000457763672,12.520000457763672,4381
2022-04-22,12.520000457763672,12.59000015258789,12.5,12.59000015258789,424
2022-04-25,12.569999694824219,12.699999809265137,12.470000267028809,12.699999809265137,1707
2022-04-26,12.529999732971191,12.609999656677246,12.529999732971191,12.609999656677246,141
2022-04-27,12.579999923706055,12.630000114440918,12.569999694824219,12.630000114440918,5487
2022-04-28,12.579999923706055,12.609999656677246,12.520000457763672,12.609999656677246,240337
2022-04-29,12.579999923706055,12.630000114440918,12.5600004196167,12.600000381469727,4808
2022-05-02,12.539999961853027,12.5600004196167,12.5,12.5600004196167,38175
2022-05-03,12.550000190734863,12.550000190734863,12.489999771118164,12.529999732971191,89065
2022-05-04,12.59000015258789,12.59000015258789,12.489999771118164,12.489999771118164,46386
2022-05-05,12.510000228881836,12.609999656677246,12.510000228881836,12.609999656677246,4570
2022-05-06,12.449999809265137,12.5,12.399999618530273,12.5,6796
2022-05-09,12.5,12.5,12.390000343322754,12.390000343322754,4702
2022-05-10,12.539999961853027,12.550000190734863,12.529999732971191,12.550000190734863,25841
2022-05-11,12.5,12.529999732971191,12.430000305175781,12.489999771118164,31953
2022-05-12,12.489999771118164,12.569999694824219,12.449999809265137,12.529999732971191,30521
2022-05-13,12.479999542236328,12.510000228881836,12.460000038146973,12.489999771118164,28432
2022-05-16,12.510000228881836,12.510000228881836,12.4399995803833,12.5,23521
2022-05-17,12.539999961853027,12.539999961853027,12.470000267028809,12.470000267028809,50074
2022-05-18,12.550000190734863,12.550000190734863,12.5,12.529999732971191,33041
2022-05-19,12.600000381469727,12.600000381469727,12.529999732971191,12.529999732971191,18352
2022-05-20,12.649999618530273,12.699999809265137,12.59000015258789,12.699999809265137,46296
2022-05-23,12.670000076293945,12.6899995803833,12.600000381469727,12.649999618530273,4693
2022-05-24,12.59000015258789,12.619999885559082,12.529999732971191,12.550000190734863,10732
2022-05-25,12.609999656677246,12.630000114440918,12.609999656677246,12.630000114440918,8165
2022-05-26,12.670000076293945,12.680000305175781,12.520000457763672,12.520000457763672,1480
2022-05-27,12.670000076293945,12.699999809265137,12.630000114440918,12.699999809265137,975
2022-05-30,12.600000381469727,12.699999809265137,12.600000381469727,12.619999885559082,6525
2022-05-31,12.640000343322754,12.649999618530273,12.520000457763672,12.520000457763672,5926
2022-06-01,12.609999656677246,12.670000076293945,12.569999694824219,12.640000343322754,1006
2022-06-02,12.59000015258789,12.609999656677246,12.520000457763672,12.609999656677246,198
2022-06-03,12.609999656677246,12.630000114440918,12.520000457763672,12.630000114440918,162
2022-06-06,12.600000381469727,12.649999618530273,12.529999732971191,12.649999618530273,41152
2022-06-07,12.5600004196167,12.59000015258789,12.520000457763672,12.59000015258789,2336
2022-06-08,12.550000190734863,12.5600004196167,12.489999771118164,12.5600004196167,31001
2022-06-09,12.619999885559082,12.619999885559082,12.520000457763672,12.550000190734863,4898
2022-06-10,12.619999885559082,12.619999885559082,12.520000457763672,12.609999656677246,17532
2022-06-13,12.550000190734863,12.699999809265137,12.5,12.699999809265137,50051
2022-06-14,12.460000038146973,12.59000015258789,12.460000038146973,12.470000267028809,31005
2022-06-15,12.5600004196167,12.569999694824219,12.449999809265137,12.569999694824219,154
2022-06-17,12.640000343322754,12.640000343322754,12.529999732971191,12.529999732971191,123
2022-06-20,12.65999984741211,12.6899995803833,12.569999694824219,12.609999656677246,47536
2022-06-21,12.65999984741211,12.6899995803833,12.630000114440918,12.6899995803833,30941
2022-06-22,12.710000038146973,12.710000038146973,12.300000190734863,12.300000190734863,34363
2022-06-23,12.739999771118164,12.739999771118164,12.649999618530273,12.720000267028809,40170
2022-06-24,12.670000076293945,12.739999771118164,12.649999618530273,12.739999771118164,14
2022-06-27,12.65999984741211,12.670000076293945,12.619999885559082,12.65999984741211,43225
2022-06-28,12.579999923706055,12.720000267028809,12.539999961853027,12.720000267028809,16550
2022-06-29,12.59000015258789,12.619999885559082,12.539999961853027,12.579999923706055,11892
2022-06-30,12.649999618530273,12.649999618530273,12.5600004196167,12.5600004196167,13056
2022-07-01,12.680000305175781,12.680000305175781,12.59000015258789,12.680000305175781,50258
2022-07-04,12.649999618530273,12.680000305175781,12.600000381469727,12.649999618530273,17091
2022-07-05,12.609999656677246,12.630000114440918,12.550000190734863,12.630000114440918,100021
2022-07-06,12.609999656677246,12.649999618530273,12.550000190734863,12.5600004196167,99895
2022-07-07,12.640000343322754,12.649999618530273,12.569999694824219,12.649999618530273,84284
2022-07-08,12.600000381469727,12.65999984741211,12.569999694824219,12.600000381469727,3771
2022-07-11,12.529999732971191,12.569999694824219,12.5,12.569999694824219,2125
2022-07-12,12.579999923706055,12.6899995803833,12.510000228881836,12.6899995803833,886
2022-07-13,12.59000015258789,12.59000015258789,12.539999961853027,12.579999923706055,7301
2022-07-14,12.5600004196167,12.579999923706055,12.510000228881836,12.579999923706055,4564
2022-07-15,12.579999923706055,12.59000015258789,12.520000457763672,12.59000015258789,8592
2022-07-18,12.520000457763672,12.699999809265137,12.520000457763672,12.699999809265137,245
2022-07-19,12.489999771118164,12.520000457763672,12.489999771118164,12.520000457763672,1125
2022-07-20,12.510000228881836,12.520000457763672,12.449999809265137,12.489999771118164,8349
2022-07-21,12.479999542236328,12.520000457763672,12.479999542236328,12.489999771118164,4581
2022-07-22,12.550000190734863,12.5600004196167,12.5,12.5,2085
2022-07-25,12.59000015258789,12.59000015258789,12.539999961853027,12.59000015258789,213
2022-07-26,12.600000381469727,12.640000343322754,12.579999923706055,12.619999885559082,11725
2022-07-27,12.649999618530273,12.65999984741211,12.40999984741211,12.600000381469727,31017
2022-07-28,12.720000267028809,12.720000267028809,12.619999885559082,12.65999984741211,20211
2022-07-29,12.770000457763672,12.770000457763672,12.699999809265137,12.720000267028809,2021
2022-08-01,12.829999923706055,12.829999923706055,12.779999732971191,12.800000190734863,649
2022-08-02,12.789999961853027,12.800000190734863,12.729999542236328,12.800000190734863,341
2022-08-03,12.850000381469727,12.890000343322754,12.760000228881836,12.829999923706055,2269
2022-08-04,12.979999542236328,12.979999542236328,12.890000343322754,12.890000343322754,678
2022-08-05,13.010000228881836,13.029999732971191,12.960000038146973,12.960000038146973,1051
2022-08-08,13.109999656677246,13.109999656677246,13.020000457763672,13.020000457763672,257
2022-08-09,13.100000381469727,13.300000190734863,13.0600004196167,13.0600004196167,10019
2022-08-10,13.130000114440918,13.199999809265137,13.100000381469727,13.199999809265137,8074
2022-08-11,13.100000381469727,13.119999885559082,13.050000190734863,13.119999885559082,126
2022-08-12,13.149999618530273,13.15999984741211,13.119999885559082,13.149999618530273,2269
2022-08-15,13.210000038146973,13.210000038146973,13.119999885559082,13.119999885559082,2220
2022-08-16,13.199999809265137,13.199999809265137,13.149999618530273,13.149999618530273,716
2022-08-17,13.149999618530273,13.1899995803833,13.119999885559082,13.1899995803833,1298
2022-08-18,13.130000114440918,13.130000114440918,13.079999923706055,13.100000381469727,1778
2022-08-19,13.079999923706055,13.100000381469727,13.0,13.09000015258789,1454
2022-08-22,13.09000015258789,13.109999656677246,13.039999961853027,13.100000381469727,86
2022-08-23,13.180000305175781,13.180000305175781,13.039999961853027,13.039999961853027,23
2022-08-24,13.15999984741211,13.170000076293945,12.949999809265137,12.960000038146973,612
2022-08-25,13.109999656677246,13.140000343322754,13.069999694824219,13.109999656677246,930
2022-08-26,13.149999618530273,13.149999618530273,13.100000381469727,13.100000381469727,3024
2022-08-29,13.119999885559082,13.15999984741211,13.09000015258789,13.15999984741211,292
2022-08-30,13.130000114440918,13.149999618530273,13.09000015258789,13.09000015258789,513
2022-08-31,13.180000305175781,13.180000305175781,13.079999923706055,13.149999618530273,1587
2022-09-01,13.25,13.25,13.149999618530273,13.149999618530273,972
2022-09-02,13.279999732971191,13.279999732971191,13.25,13.25,807
2022-09-05,13.279999732971191,13.279999732971191,13.239999771118164,13.270000457763672,10
2022-09-06,13.220000267028809,13.25,13.119999885559082,13.25,6875
2022-09-08,13.289999961853027,13.289999961853027,13.220000267028809,13.220000267028809,7105
2022-09-09,13.34000015258789,13.34000015258789,13.270000457763672,13.300000190734863,11354
2022-09-12,13.319999694824219,13.34000015258789,13.270000457763672,13.34000015258789,460
2022-09-13,13.260000228881836,13.279999732971191,13.210000038146973,13.25,389
2022-09-14,13.260000228881836,13.270000457763672,13.220000267028809,13.270000457763672,3571
2022-09-15,13.210000038146973,13.25,13.210000038146973,13.25,623
2022-09-16,13.229999542236328,13.239999771118164,13.149999618530273,13.199999809265137,153
2022-09-19,13.279999732971191,13.279999732971191,13.170000076293945,13.170000076293945,1916
2022-09-20,13.289999961853027,13.289999961853027,13.220000267028809,13.270000457763672,3696
2022-09-21,13.359999656677246,13.369999885559082,13.319999694824219,13.319999694824219,584
2022-09-22,13.430000305175781,13.430000305175781,13.359999656677246,13.399999618530273,5669
2022-09-23,13.390000343322754,13.420000076293945,13.359999656677246,13.399999618530273,331
2022-09-26,13.319999694824219,13.350000381469727,13.300000190734863,13.350000381469727,128
2022-09-27,13.399999618530273,13.399999618530273,13.350000381469727,13.359999656677246,565
2022-09-28,13.350000381469727,13.350000381469727,13.34000015258789,13.350000381469727,234
2022-09-29,13.359999656677246,13.369999885559082,13.25,13.25,2783
2022-09-30,13.40999984741211,13.40999984741211,13.369999885559082,13.369999885559082,276
2022-10-03,13.470000267028809,13.489999771118164,13.420000076293945,13.479999542236328,10976
2022-10-04,13.470000267028809,13.489999771118164,13.430000305175781,13.470000267028809,31
2022-10-05,13.470000267028809,13.470000267028809,13.470000267028809,13.470000267028809,301
2022-10-06,13.470000267028809,13.489999771118164,13.470000267028809,13.470000267028809,531
2022-10-07,13.460000038146973,13.470000267028809,13.449999809265137,13.449999809265137,4601
2022-10-10,13.489999771118164,13.489999771118164,13.430000305175781,13.430000305175781,2601
2022-10-11,13.4399995803833,13.460000038146973,13.4399995803833,13.4399995803833,3287
2022-10-13,13.430000305175781,13.449999809265137,13.359999656677246,13.380000114440918,12642
2022-10-14,13.40999984741211,13.470000267028809,13.40999984741211,13.449999809265137,30
2022-10-17,13.460000038146973,13.470000267028809,13.40999984741211,13.460000038146973,3883
2022-10-18,13.479999542236328,13.479999542236328,13.479999542236328,13.479999542236328,23000
2022-10-19,13.40999984741211,13.489999771118164,13.40999984741211,13.489999771118164,317
2022-10-20,13.460000038146973,13.470000267028809,13.460000038146973,13.470000267028809,153
2022-10-21,13.470000267028809,13.470000267028809,13.420000076293945,13.430000305175781,416
2022-10-24,13.430000305175781,13.449999809265137,13.420000076293945,13.449999809265137,33
2022-10-25,13.430000305175781,13.449999809265137,13.350000381469727,13.390000343322754,32400
2022-10-26,13.40999984741211,13.430000305175781,13.300000190734863,13.420000076293945,20253
2022-10-27,13.4399995803833,13.449999809265137,13.350000381469727,13.380000114440918,20013
2022-10-28,13.449999809265137,13.470000267028809,12.75,13.3100004196167,36131
2022-10-31,13.5,13.5,13.199999809265137,13.369999885559082,17595
2022-11-01,13.510000228881836,13.539999961853027,13.460000038146973,13.539999961853027,646
2022-11-03,13.489999771118164,13.5,13.430000305175781,13.430000305175781,5532
2022-11-04,13.510000228881836,13.510000228881836,13.489999771118164,13.510000228881836,2650
2022-11-07,13.449999809265137,13.449999809265137,13.399999618530273,13.420000076293945,1547
2022-11-08,13.430000305175781,13.460000038146973,13.380000114440918,13.380000114440918,3236
2022-11-09,13.430000305175781,13.4399995803833,13.359999656677246,13.430000305175781,923
2022-11-10,13.100000381469727,13.600000381469727,13.100000381469727,13.600000381469727,146311
2022-11-11,13.029999732971191,13.130000114440918,13.0,13.130000114440918,3871
2022-11-14,13.140000343322754,13.149999618530273,13.069999694824219,13.069999694824219,516
2022-11-16,13.039999961853027,13.140000343322754,13.029999732971191,13.140000343322754,965
2022-11-17,12.979999542236328,12.979999542236328,12.859999656677246,12.949999809265137,7355
2022-11-18,12.949999809265137,13.109999656677246,12.949999809265137,13.109999656677246,1376
2022-11-21,13.010000228881836,13.039999961853027,12.930000305175781,12.960000038146973,779
2022-11-22,12.970000267028809,13.0,12.970000267028809,13.0,29
2022-11-23,12.890000343322754,12.90999984741211,12.819999694824219,12.819999694824219,8644
2022-11-24,12.979999542236328,12.989999771118164,12.90999984741211,12.90999984741211,220
2022-11-25,12.930000305175781,12.979999542236328,12.920000076293945,12.979999542236328,1400
2022-11-28,12.989999771118164,12.989999771118164,12.90999984741211,12.90999984741211,1327
2022-11-29,13.15999984741211,13.15999984741211,12.979999542236328,12.979999542236328,3560
2022-11-30,13.220000267028809,13.220000267028809,13.079999923706055,13.079999923706055,5609
2022-12-01,13.1899995803833,13.1899995803833,13.109999656677246,13.109999656677246,167
2022-12-02,13.270000457763672,13.270000457763672,13.199999809265137,13.199999809265137,150
2022-12-05,13.220000267028809,13.260000228881836,13.210000038146973,13.210000038146973,122
2022-12-06,13.199999809265137,13.220000267028809,13.149999618530273,13.220000267028809,220
2022-12-07,13.239999771118164,13.350000381469727,13.239999771118164,13.350000381469727,103
2022-12-08,13.229999542236328,13.229999542236328,13.149999618530273,13.149999618530273,122
2022-12-09,13.229999542236328,13.239999771118164,13.229999542236328,13.239999771118164,59
2022-12-12,13.140000343322754,13.229999542236328,13.119999885559082,13.229999542236328,1157
2022-12-13,13.069999694824219,13.1899995803833,13.069999694824219,13.140000343322754,2427
2022-12-14,12.989999771118164,13.0,12.989999771118164,13.0,4450
2022-12-15,13.09000015258789,13.130000114440918,13.050000190734863,13.050000190734863,10646
2022-12-16,13.039999961853027,13.09000015258789,13.039999961853027,13.069999694824219,1091
2022-12-19,13.0600004196167,13.079999923706055,13.010000228881836,13.020000457763672,1877
2022-12-20,13.180000305175781,13.180000305175781,13.0600004196167,13.0600004196167,2765
2022-12-21,13.220000267028809,13.220000267028809,13.199999809265137,13.210000038146973,5795
2022-12-22,13.270000457763672,13.270000457763672,13.220000267028809,13.220000267028809,43
2022-12-23,13.350000381469727,13.359999656677246,13.260000228881836,13.260000228881836,1213
2022-12-26,13.3100004196167,13.3100004196167,13.289999961853027,13.289999961853027,506
2022-12-27,13.319999694824219,13.319999694824219,13.3100004196167,13.3100004196167,19
2022-12-28,13.399999618530273,13.399999618530273,13.329999923706055,13.329999923706055,942
2022-12-29,13.430000305175781,13.430000305175781,13.399999618530273,13.399999618530273,1117
2023-01-02,13.34000015258789,13.34000015258789,13.3100004196167,13.3100004196167,615
2023-01-03,13.260000228881836,13.319999694824219,13.239999771118164,13.319999694824219,824
2023-01-04,13.1899995803833,13.239999771118164,12.949999809265137,13.229999542236328,52430
2023-01-05,13.300000190734863,13.300000190734863,13.260000228881836,13.270000457763672,50302
2023-01-06,13.350000381469727,13.350000381469727,13.350000381469727,13.350000381469727,133
2023-01-09,13.430000305175781,13.430000305175781,13.380000114440918,13.390000343322754,1041
2023-01-10,13.460000038146973,13.460000038146973,13.430000305175781,13.430000305175781,3088
2023-01-11,13.5600004196167,13.5600004196167,13.470000267028809,13.479999542236328,7260
2023-01-12,13.600000381469727,13.600000381469727,13.59000015258789,13.59000015258789,1797
2023-01-13,13.619999885559082,13.630000114440918,13.59000015258789,13.600000381469727,505
2023-01-16,13.529999732971191,13.600000381469727,13.510000228881836,13.59000015258789,50908
2023-01-17,13.59000015258789,13.59000015258789,13.539999961853027,13.569999694824219,50367
2023-01-18,13.569999694824219,13.600000381469727,13.539999961853027,13.600000381469727,50307
2023-01-19,13.569999694824219,13.569999694824219,13.479999542236328,13.479999542236328,11
2023-01-20,13.5,13.520000457763672,13.5,13.5,6
2023-01-23,13.489999771118164,13.489999771118164,13.479999542236328,13.489999771118164,1646
2023-01-24,13.5,13.5,13.460000038146973,13.460000038146973,3014
2023-01-25,13.5600004196167,13.5600004196167,13.5600004196167,13.5600004196167,28
2023-01-26,13.550000190734863,13.579999923706055,13.479999542236328,13.579999923706055,52148
2023-01-27,13.479999542236328,13.520000457763672,13.470000267028809,13.510000228881836,39125
2023-01-30,13.489999771118164,13.510000228881836,13.489999771118164,13.510000228881836,1102
2023-01-31,13.520000457763672,13.520000457763672,13.470000267028809,13.470000267028809,28049
2023-02-01,13.5,13.5,13.489999771118164,13.489999771118164,73
2023-02-02,13.489999771118164,13.520000457763672,13.489999771118164,13.520000457763672,10
2023-02-03,13.399999618530273,13.420000076293945,13.399999618530273,13.420000076293945,305
2023-02-06,13.399999618530273,13.399999618530273,13.3100004196167,13.350000381469727,485
2023-02-07,13.420000076293945,13.470000267028809,13.420000076293945,13.449999809265137,375979
2023-02-08,13.5,13.510000228881836,13.329999923706055,13.479999542236328,485962
2023-02-09,13.470000267028809,13.5600004196167,13.470000267028809,13.5,2118
2023-02-10,13.479999542236328,13.520000457763672,13.359999656677246,13.520000457763672,2347
2023-02-13,13.470000267028809,13.489999771118164,13.470000267028809,13.489999771118164,1914
2023-02-14,13.5,13.5,13.5,13.5,76
2023-02-15,13.579999923706055,13.649999618530273,13.550000190734863,13.649999618530273,6193
2023-02-16,13.569999694824219,13.569999694824219,13.550000190734863,13.5600004196167,1889
2023-02-17,13.630000114440918,13.630000114440918,13.609999656677246,13.609999656677246,6879
2023-02-22,13.59000015258789,13.59000015258789,13.579999923706055,13.579999923706055,2289
2023-02-23,13.609999656677246,13.619999885559082,13.5600004196167,13.579999923706055,50222
2023-02-24,13.550000190734863,13.59000015258789,13.550000190734863,13.579999923706055,2790
2023-02-27,13.630000114440918,13.630000114440918,13.579999923706055,13.579999923706055,10226
2023-02-28,13.609999656677246,13.619999885559082,13.609999656677246,13.619999885559082,353
2023-03-02,13.550000190734863,13.579999923706055,13.550000190734863,13.550000190734863,6064
2023-03-03,13.5600004196167,13.569999694824219,13.5600004196167,13.569999694824219,100
2023-03-06,13.59000015258789,13.59000015258789,13.569999694824219,13.569999694824219,6090
2023-03-07,13.630000114440918,13.630000114440918,13.59000015258789,13.59000015258789,1036
2023-03-08,13.720000267028809,13.720000267028809,13.699999809265137,13.699999809265137,3468
2023-03-10,13.789999961853027,13.800000190734863,13.779999732971191,13.779999732971191,1104
2023-03-13,13.850000381469727,13.890000343322754,13.850000381469727,13.890000343322754,3914
2023-03-14,13.8100004196167,13.859999656677246,13.8100004196167,13.850000381469727,3312
2023-03-15,13.890000343322754,13.890000343322754,13.789999961853027,13.789999961853027,7453
2023-03-16,13.84000015258789,13.899999618530273,13.829999923706055,13.899999618530273,13473
2023-03-17,13.880000114440918,13.880000114440918,13.430000305175781,13.430000305175781,6503
2023-03-20,13.920000076293945,13.920000076293945,13.880000114440918,13.880000114440918,6851
2023-03-21,13.899999618530273,13.899999618530273,13.539999961853027,13.899999618530273,26169
2023-03-22,13.949999809265137,13.949999809265137,13.9399995803833,13.9399995803833,200
2023-03-23,13.9399995803833,13.9399995803833,13.880000114440918,13.880000114440918,58
2023-03-24,14.0,14.010000228881836,13.970000267028809,13.989999771118164,223
2023-03-27,14.039999961853027,14.199999809265137,14.0,14.199999809265137,1005
2023-03-28,14.029999732971191,14.039999961853027,14.029999732971191,14.039999961853027,98
2023-03-29,13.979999542236328,14.029999732971191,13.960000038146973,14.029999732971191,5483
2023-03-30,14.050000190734863,14.050000190734863,13.979999542236328,13.979999542236328,1234
2023-03-31,14.0600004196167,14.0600004196167,14.020000457763672,14.050000190734863,152
2023-04-03,14.050000190734863,14.069999694824219,13.75,14.020000457763672,36256
2023-04-04,14.0600004196167,14.109999656677246,14.0600004196167,14.09000015258789,602
2023-04-05,14.09000015258789,14.130000114440918,14.09000015258789,14.09000015258789,227
2023-04-06,14.09000015258789,14.09000015258789,14.069999694824219,14.069999694824219,20
2023-04-10,14.100000381469727,14.119999885559082,13.779999732971191,13.779999732971191,4190
2023-04-11,14.1899995803833,14.1899995803833,14.170000076293945,14.170000076293945,600
2023-04-12,14.180000305175781,14.180000305175781,14.180000305175781,14.180000305175781,1
2023-04-13,14.260000228881836,14.260000228881836,14.220000267028809,14.25,2514
2023-04-14,14.180000305175781,14.210000038146973,14.180000305175781,14.199999809265137,12070
2023-04-17,14.199999809265137,14.210000038146973,14.170000076293945,14.210000038146973,85
2023-04-18,14.149999618530273,14.170000076293945,14.149999618530273,14.170000076293945,5
2023-04-19,14.119999885559082,14.140000343322754,14.119999885559082,14.140000343322754,97
2023-04-20,14.15999984741211,14.180000305175781,14.149999618530273,14.149999618530273,15131
2023-04-24,14.220000267028809,14.220000267028809,14.170000076293945,14.210000038146973,1498
2023-04-25,14.239999771118164,14.239999771118164,14.239999771118164,14.239999771118164,4
2023-04-26,14.25,14.279999732971191,14.25,14.25,205
2023-04-27,14.260000228881836,14.289999961853027,14.260000228881836,14.289999961853027,4873
2023-04-28,14.229999542236328,14.229999542236328,14.220000267028809,14.229999542236328,88
2023-05-02,14.25,14.260000228881836,14.229999542236328,14.260000228881836,104
2023-05-03,14.279999732971191,14.279999732971191,14.279999732971191,14.279999732971191,12
2023-05-04,14.359999656677246,14.380000114440918,14.34000015258789,14.350000381469727,78
2023-05-05,14.380000114440918,14.380000114440918,14.350000381469727,14.359999656677246,715
2023-05-08,14.350000381469727,14.430000305175781,14.25,14.34000015258789,58107
2023-05-09,14.359999656677246,14.380000114440918,14.350000381469727,14.350000381469727,183
2023-05-10,14.40999984741211,14.40999984741211,14.40999984741211,14.40999984741211,53
2023-05-11,14.420000076293945,14.4399995803833,14.420000076293945,14.430000305175781,361
2023-05-12,14.430000305175781,14.460000038146973,14.430000305175781,14.460000038146973,27
2023-05-15,14.5,14.5,14.449999809265137,14.449999809265137,10001
2023-05-16,14.470000267028809,14.489999771118164,14.470000267028809,14.489999771118164,4749
2023-05-17,14.449999809265137,14.449999809265137,14.430000305175781,14.430000305175781,275
2023-05-18,14.4399995803833,14.470000267028809,14.4399995803833,14.449999809265137,33
2023-05-19,14.489999771118164,14.489999771118164,14.449999809265137,14.449999809265137,69
2023-05-22,14.470000267028809,14.489999771118164,14.470000267028809,14.489999771118164,20040
2023-05-23,14.510000228881836,14.510000228881836,14.489999771118164,14.489999771118164,97
2023-05-24,14.529999732971191,14.529999732971191,14.529999732971191,14.529999732971191,356
2023-05-25,14.59000015258789,14.619999885559082,14.59000015258789,14.609999656677246,677
2023-05-26,14.600000381469727,14.600000381469727,14.59000015258789,14.59000015258789,20438
2023-05-29,14.630000114440918,14.630000114440918,14.609999656677246,14.609999656677246,1071
2023-05-30,14.649999618530273,14.649999618530273,14.609999656677246,14.649999618530273,230
2023-05-31,14.649999618530273,14.680000305175781,14.640000343322754,14.649999618530273,747
2023-06-01,14.670000076293945,14.670000076293945,14.640000343322754,14.649999618530273,1345
2023-06-02,14.6899995803833,14.6899995803833,14.680000305175781,14.6899995803833,203
2023-06-05,14.770000457763672,14.770000457763672,14.729999542236328,14.729999542236328,1195
2023-06-06,14.789999961853027,14.800000190734863,14.770000457763672,14.770000457763672,28
2023-06-07,14.779999732971191,14.8100004196167,14.770000457763672,14.8100004196167,1824
2023-06-09,14.8100004196167,14.829999923706055,14.779999732971191,14.779999732971191,2931
2023-06-12,14.850000381469727,14.850000381469727,14.8100004196167,14.829999923706055,4601
2023-06-13,14.8100004196167,14.84000015258789,14.8100004196167,14.8100004196167,1055
2023-06-14,14.819999694824219,14.819999694824219,14.779999732971191,14.819999694824219,276
2023-06-15,14.829999923706055,14.859999656677246,14.800000190734863,14.850000381469727,793
2023-06-16,14.850000381469727,14.850000381469727,14.819999694824219,14.829999923706055,605
2023-06-19,14.850000381469727,14.859999656677246,14.819999694824219,14.850000381469727,7418
2023-06-20,14.869999885559082,14.869999885559082,14.869999885559082,14.869999885559082,2020
2023-06-21,14.869999885559082,14.869999885559082,14.770000457763672,14.770000457763672,4190
2023-06-22,14.859999656677246,14.859999656677246,14.529999732971191,14.529999732971191,2478
2023-06-23,14.920000076293945,14.920000076293945,14.890000343322754,14.90999984741211,4210
2023-06-26,14.930000305175781,14.930000305175781,14.899999618530273,14.920000076293945,785
2023-06-27,14.9399995803833,14.970000267028809,14.9399995803833,14.970000267028809,473
2023-06-28,14.930000305175781,14.949999809265137,14.90999984741211,14.920000076293945,969
2023-06-29,14.979999542236328,14.979999542236328,14.920000076293945,14.930000305175781,1837
2023-06-30,15.020000457763672,15.020000457763672,14.989999771118164,15.010000228881836,7093
2023-07-03,15.079999923706055,15.350000381469727,15.029999732971191,15.350000381469727,5521
2023-07-04,15.09000015258789,15.100000381469727,15.069999694824219,15.100000381469727,2283
2023-07-05,15.0600004196167,15.100000381469727,15.0600004196167,15.079999923706055,3698
2023-07-06,14.970000267028809,15.039999961853027,14.970000267028809,15.039999961853027,1262
2023-07-07,15.100000381469727,15.100000381469727,15.069999694824219,15.069999694824219,827
2023-07-10,15.0600004196167,15.09000015258789,15.0600004196167,15.09000015258789,5071
2023-07-11,15.09000015258789,15.09000015258789,15.029999732971191,15.050000190734863,1155
2023-07-12,15.119999885559082,15.119999885559082,15.109999656677246,15.109999656677246,731
2023-07-13,15.079999923706055,15.09000015258789,15.0600004196167,15.09000015258789,2511
2023-07-14,15.0,15.050000190734863,15.0,15.050000190734863,172
2023-07-17,15.069999694824219,15.09000015258789,15.029999732971191,15.039999961853027,1890
2023-07-18,15.100000381469727,15.119999885559082,15.0600004196167,15.0600004196167,2437
2023-07-19,15.0600004196167,15.09000015258789,15.050000190734863,15.09000015258789,1950
2023-07-20,15.0600004196167,15.069999694824219,15.039999961853027,15.0600004196167,7122
2023-07-21,15.079999923706055,15.079999923706055,15.079999923706055,15.079999923706055,1004
2023-07-24,15.109999656677246,15.140000343322754,14.720000267028809,15.100000381469727,2581
2023-07-25,15.119999885559082,15.180000305175781,15.119999885559082,15.180000305175781,53
2023-07-26,15.15999984741211,15.15999984741211,15.130000114440918,15.15999984741211,1615
2023-07-27,15.140000343322754,15.15999984741211,15.130000114440918,15.140000343322754,2038
2023-07-28,15.119999885559082,15.149999618530273,15.109999656677246,15.119999885559082,2966
2023-07-31,15.140000343322754,15.180000305175781,15.119999885559082,15.119999885559082,2463
2023-08-01,15.170000076293945,15.180000305175781,15.140000343322754,15.180000305175781,112
2023-08-02,15.210000038146973,15.210000038146973,15.0,15.180000305175781,4303
2023-08-03,15.1899995803833,15.260000228881836,15.1899995803833,15.260000228881836,3144
2023-08-04,15.220000267028809,15.220000267028809,15.220000267028809,15.220000267028809,1
2023-08-07,15.220000267028809,15.220000267028809,15.220000267028809,15.220000267028809,4395
2023-08-08,15.289999961853027,15.289999961853027,15.25,15.25,2013
2023-08-09,15.25,15.289999961853027,15.25,15.289999961853027,7306
2023-08-10,15.289999961853027,15.289999961853027,15.270000457763672,15.279999732971191,1126
2023-08-11,15.279999732971191,15.279999732971191,15.279999732971191,15.279999732971191,2000
2023-08-14,15.239999771118164,15.270000457763672,15.239999771118164,15.270000457763672,2251
2023-08-15,15.199999809265137,15.260000228881836,15.199999809265137,15.260000228881836,21
2023-08-16,15.239999771118164,15.270000457763672,15.199999809265137,15.260000228881836,5913
2023-08-17,15.1899995803833,15.210000038146973,15.15999984741211,15.1899995803833,3013
2023-08-21,15.0600004196167,15.1899995803833,15.0600004196167,15.180000305175781,4919
2023-08-22,15.1899995803833,15.1899995803833,15.170000076293945,15.170000076293945,550
2023-08-23,15.239999771118164,15.279999732971191,15.239999771118164,15.25,7866
2023-08-24,15.289999961853027,15.300000190734863,15.25,15.25,34213
2023-08-25,15.25,15.260000228881836,15.229999542236328,15.260000228881836,2281
2023-08-28,15.260000228881836,15.260000228881836,15.25,15.25,268
2023-08-29,15.289999961853027,15.3100004196167,15.270000457763672,15.270000457763672,1155
2023-08-30,15.289999961853027,15.329999923706055,15.289999961853027,15.329999923706055,527
2023-08-31,15.239999771118164,15.34000015258789,15.239999771118164,15.34000015258789,12373
2023-09-01,15.220000267028809,15.25,15.220000267028809,15.25,684
2023-09-04,15.239999771118164,15.260000228881836,15.229999542236328,15.229999542236328,5483
2023-09-05,15.100000381469727,15.260000228881836,15.069999694824219,15.199999809265137,150055
2023-09-06,15.170000076293945,15.170000076293945,15.170000076293945,15.170000076293945,2
2023-09-08,15.239999771118164,15.239999771118164,15.229999542236328,15.229999542236328,1982
2023-09-11,15.34000015258789,15.34000015258789,15.210000038146973,15.210000038146973,114397
2023-09-12,15.279999732971191,15.3100004196167,15.279999732971191,15.3100004196167,111
2023-09-14,15.300000190734863,15.300000190734863,15.300000190734863,15.300000190734863,1310
2023-09-15,15.369999885559082,15.380000114440918,15.34000015258789,15.34000015258789,104
2023-09-18,15.329999923706055,15.350000381469727,15.329999923706055,15.34000015258789,13847
2023-09-19,15.329999923706055,15.359999656677246,15.319999694824219,15.359999656677246,20555
2023-09-20,15.25,15.329999923706055,15.25,15.329999923706055,2701
2023-09-21,15.329999923706055,15.350000381469727,15.319999694824219,15.34000015258789,15799
2023-09-22,15.229999542236328,15.260000228881836,15.229999542236328,15.260000228881836,805
2023-09-25,15.3100004196167,15.329999923706055,15.3100004196167,15.319999694824219,4288
2023-09-26,15.300000190734863,15.300000190734863,15.15999984741211,15.15999984741211,1532
2023-09-27,15.289999961853027,15.300000190734863,15.180000305175781,15.180000305175781,852
2023-09-28,15.050000190734863,15.220000267028809,15.050000190734863,15.220000267028809,1565
2023-09-29,15.039999961853027,15.229999542236328,15.039999961853027,15.229999542236328,457
2023-10-02,15.220000267028809,15.260000228881836,15.1899995803833,15.1899995803833,1893
2023-10-03,15.15999984741211,15.15999984741211,15.140000343322754,15.140000343322754,18313
2023-10-04,14.789999961853027,15.029999732971191,14.720000267028809,15.010000228881836,12561
2023-10-05,15.079999923706055,15.09000015258789,14.949999809265137,14.949999809265137,911
2023-10-06,15.039999961853027,15.130000114440918,15.039999961853027,15.130000114440918,2139
2023-10-09,15.029999732971191,15.050000190734863,15.029999732971191,15.029999732971191,1625
2023-10-10,15.050000190734863,15.350000381469727,15.050000190734863,15.079999923706055,4227
2023-10-11,15.239999771118164,15.279999732971191,15.079999923706055,15.079999923706055,1691
2023-10-13,15.25,15.25,15.210000038146973,15.220000267028809,1710
2023-10-16,15.119999885559082,15.380000114440918,15.100000381469727,15.380000114440918,9201
2023-10-17,15.260000228881836,15.260000228881836,15.210000038146973,15.239999771118164,2346
2023-10-18,15.100000381469727,15.25,15.079999923706055,15.25,59617
2023-10-19,15.050000190734863,15.09000015258789,15.050000190734863,15.050000190734863,1626
2023-10-20,15.130000114440918,15.130000114440918,15.079999923706055,15.079999923706055,40085
2023-10-23,15.119999885559082,15.119999885559082,15.069999694824219,15.069999694824219,1262
2023-10-24,15.170000076293945,15.170000076293945,15.010000228881836,15.170000076293945,13320
2023-10-26,15.260000228881836,15.260000228881836,15.15999984741211,15.15999984741211,2365
2023-10-27,15.220000267028809,15.300000190734863,15.220000267028809,15.300000190734863,1371
2023-10-30,15.100000381469727,15.180000305175781,15.100000381469727,15.180000305175781,1133
2023-10-31,15.100000381469727,15.149999618530273,15.100000381469727,15.119999885559082,935
2023-11-01,15.15999984741211,15.15999984741211,15.15999984741211,15.15999984741211,5
2023-11-03,15.319999694824219,15.90999984741211,15.300000190734863,15.90999984741211,653
2023-11-06,15.270000457763672,15.289999961853027,14.9399995803833,15.270000457763672,24070
2023-11-07,15.319999694824219,15.319999694824219,15.289999961853027,15.289999961853027,34
2023-11-08,15.350000381469727,15.350000381469727,15.319999694824219,15.319999694824219,50521
2023-11-09,15.34000015258789,15.5,15.34000015258789,15.5,1005
2023-11-10,15.359999656677246,15.390000343322754,15.359999656677246,15.359999656677246,4040
2023-11-13,15.399999618530273,15.399999618530273,15.350000381469727,15.350000381469727,4728
2023-11-14,15.479999542236328,15.479999542236328,15.399999618530273,15.399999618530273,994
2023-11-16,15.510000228881836,15.520000457763672,15.510000228881836,15.520000457763672,7331
2023-11-17,15.520000457763672,15.5600004196167,15.520000457763672,15.529999732971191,23021
2023-11-20,15.539999961853027,15.5600004196167,15.520000457763672,15.550000190734863,10063
2023-11-21,15.510000228881836,15.520000457763672,15.399999618530273,15.399999618530273,5074
2023-11-22,15.510000228881836,15.569999694824219,15.510000228881836,15.569999694824219,74
2023-11-23,15.539999961853027,15.539999961853027,15.510000228881836,15.520000457763672,2173
2023-11-24,15.529999732971191,15.539999961853027,15.40999984741211,15.40999984741211,29
2023-11-27,15.600000381469727,15.84000015258789,15.59000015258789,15.600000381469727,3023
2023-11-28,15.59000015258789,15.600000381469727,15.5600004196167,15.600000381469727,2783
2023-11-29,15.640000343322754,15.649999618530273,15.609999656677246,15.609999656677246,970
2023-11-30,15.649999618530273,15.819999694824219,15.600000381469727,15.699999809265137,1338
2023-12-01,15.670000076293945,15.699999809265137,15.470000267028809,15.470000267028809,4446
2023-12-04,15.65999984741211,15.75,15.630000114440918,15.75,2571
2023-12-05,15.619999885559082,15.680000305175781,15.609999656677246,15.680000305175781,7150
2023-12-06,15.699999809265137,15.699999809265137,15.65999984741211,15.65999984741211,1608
2023-12-07,15.710000038146973,15.710000038146973,15.65999984741211,15.65999984741211,3556
2023-12-08,15.649999618530273,15.670000076293945,15.609999656677246,15.609999656677246,24
2023-12-11,15.699999809265137,15.699999809265137,15.609999656677246,15.609999656677246,3176
2023-12-12,15.739999771118164,15.739999771118164,15.739999771118164,15.739999771118164,2
2023-12-13,15.75,15.880000114440918,15.75,15.880000114440918,4074
2023-12-14,15.829999923706055,15.850000381469727,15.800000190734863,15.800000190734863,452
2023-12-15,15.84000015258789,15.84000015258789,15.779999732971191,15.779999732971191,211
2023-12-18,15.800000190734863,15.84000015258789,15.800000190734863,15.84000015258789,81329
2023-12-19,15.920000076293945,15.920000076293945,15.800000190734863,15.800000190734863,2191
2023-12-20,15.680000305175781,16.0,15.680000305175781,16.0,767
2023-12-21,15.859999656677246,15.880000114440918,15.84000015258789,15.859999656677246,5588
2023-12-22,15.859999656677246,15.890000343322754,15.850000381469727,15.850000381469727,1514
2023-12-26,15.899999618530273,15.899999618530273,15.859999656677246,15.890000343322754,2549
2023-12-27,15.90999984741211,15.920000076293945,15.680000305175781,15.680000305175781,255
2023-12-28,15.880000114440918,15.90999984741211,15.869999885559082,15.869999885559082,4115
2024-01-02,15.90999984741211,16.0,15.880000114440918,15.880000114440918,620
2024-01-03,15.859999656677246,15.890000343322754,15.859999656677246,15.859999656677246,294
2024-01-04,15.899999618530273,16.190000534057617,15.859999656677246,15.859999656677246,11339
2024-01-05,15.880000114440918,15.920000076293945,15.859999656677246,15.859999656677246,2298
2024-01-08,15.890000343322754,15.899999618530273,15.859999656677246,15.880000114440918,1205
2024-01-09,15.869999885559082,16.079999923706055,15.680000305175781,15.680000305175781,2496
2024-01-10,15.880000114440918,15.880000114440918,15.880000114440918,15.880000114440918,13
2024-01-11,15.890000343322754,16.0,15.869999885559082,16.0,976
2024-01-12,15.930000305175781,15.930000305175781,15.90999984741211,15.90999984741211,14
2024-01-15,15.979999542236328,16.100000381469727,15.800000190734863,16.0,12129
2024-01-16,15.880000114440918,15.979999542236328,15.880000114440918,15.979999542236328,9607
2024-01-17,15.670000076293945,15.9399995803833,15.670000076293945,15.869999885559082,3782
2024-01-18,15.880000114440918,15.880000114440918,15.880000114440918,15.880000114440918,2
2024-01-19,15.899999618530273,15.90999984741211,15.859999656677246,15.90999984741211,2359
2024-01-22,15.890000343322754,16.149999618530273,15.880000114440918,15.90999984741211,34928
2024-01-23,15.880000114440918,15.890000343322754,15.880000114440918,15.890000343322754,107
2024-01-24,15.920000076293945,15.9399995803833,15.890000343322754,15.890000343322754,4615
2024-01-25,15.9399995803833,15.9399995803833,15.739999771118164,15.8100004196167,4023
2024-01-26,16.1299991607666,16.1299991607666,15.960000038146973,15.970000267028809,131
2024-01-29,15.989999771118164,16.270000457763672,15.970000267028809,15.989999771118164,19115
2024-01-30,15.930000305175781,15.960000038146973,15.899999618530273,15.960000038146973,1039
2024-01-31,16.010000228881836,16.100000381469727,15.960000038146973,16.100000381469727,1475
2024-02-01,15.989999771118164,16.010000228881836,15.970000267028809,15.979999542236328,10859
2024-02-02,15.970000267028809,15.979999542236328,15.970000267028809,15.970000267028809,1249
2024-02-05,15.949999809265137,16.1200008392334,15.84000015258789,15.9399995803833,19151
2024-02-06,15.989999771118164,15.989999771118164,15.960000038146973,15.960000038146973,1212
2024-02-07,15.970000267028809,16.040000915527344,15.9399995803833,15.9399995803833,2037
2024-02-08,15.960000038146973,15.970000267028809,15.9399995803833,15.970000267028809,2155
2024-02-09,15.989999771118164,16.110000610351562,15.949999809265137,15.960000038146973,1477
2024-02-14,15.930000305175781,15.970000267028809,15.920000076293945,15.920000076293945,1398
2024-02-15,15.930000305175781,16.030000686645508,15.930000305175781,16.030000686645508,2372
2024-02-16,15.930000305175781,15.970000267028809,15.930000305175781,15.960000038146973,1548
2024-02-19,16.149999618530273,16.149999618530273,15.930000305175781,15.970000267028809,11571
2024-02-20,16.0,16.040000915527344,15.970000267028809,16.040000915527344,2469
2024-02-21,16.0,16.030000686645508,16.0,16.020000457763672,3
2024-02-22,16.0,16.0,16.0,16.0,1026
2024-02-23,15.960000038146973,16.0,15.960000038146973,15.970000267028809,12149
2024-02-26,15.930000305175781,15.979999542236328,15.930000305175781,15.979999542236328,5162
2024-02-27,15.930000305175781,15.979999542236328,15.869999885559082,15.970000267028809,930
2024-02-28,16.0,16.0,15.869999885559082,15.869999885559082,80
2024-02-29,16.0,16.190000534057617,15.979999542236328,16.190000534057617,242
2024-03-01,16.059999465942383,16.06999969482422,16.030000686645508,16.040000915527344,53
2024-03-04,16.059999465942383,16.06999969482422,15.890000343322754,15.890000343322754,6263
2024-03-05,16.059999465942383,16.110000610351562,15.890000343322754,15.890000343322754,13827
2024-03-06,16.06999969482422,16.1299991607666,16.06999969482422,16.1200008392334,12394
2024-03-07,16.100000381469727,16.190000534057617,15.899999618530273,16.06999969482422,4379
2024-03-08,16.100000381469727,16.18000030517578,16.030000686645508,16.18000030517578,498
2024-03-11,16.049999237060547,16.100000381469727,15.920000076293945,15.920000076293945,14485
2024-03-12,16.09000015258789,16.190000534057617,16.06999969482422,16.190000534057617,235
2024-03-13,16.09000015258789,16.1299991607666,15.920000076293945,15.920000076293945,696
2024-03-14,16.040000915527344,16.09000015258789,15.899999618530273,15.899999618530273,407
2024-03-15,16.010000228881836,16.040000915527344,16.010000228881836,16.040000915527344,679
2024-03-18,16.010000228881836,16.100000381469727,15.890000343322754,15.890000343322754,6732
2024-03-19,16.030000686645508,16.030000686645508,16.010000228881836,16.010000228881836,326
2024-03-20,16.059999465942383,16.059999465942383,16.040000915527344,16.040000915527344,108
2024-03-21,16.079999923706055,16.190000534057617,16.040000915527344,16.190000534057617,638
2024-03-22,16.040000915527344,16.059999465942383,16.040000915527344,16.059999465942383,2
2024-03-25,16.110000610351562,16.110000610351562,16.06999969482422,16.06999969482422,4892
2024-03-26,16.079999923706055,16.079999923706055,16.040000915527344,16.079999923706055,30
2024-03-27,16.059999465942383,16.190000534057617,16.049999237060547,16.190000534057617,911
2024-03-28,15.850000381469727,16.040000915527344,15.850000381469727,16.040000915527344,1024
2024-04-01,16.059999465942383,16.059999465942383,15.850000381469727,15.949999809265137,1347
2024-04-02,16.040000915527344,16.049999237060547,16.040000915527344,16.040000915527344,241
2024-04-03,16.049999237060547,16.049999237060547,16.0,16.0,24406
2024-04-04,16.059999465942383,16.059999465942383,16.059999465942383,16.059999465942383,4
2024-04-05,16.030000686645508,16.049999237060547,16.0,16.010000228881836,366
2024-04-08,16.15999984741211,16.15999984741211,16.030000686645508,16.030000686645508,140845
2024-04-09,16.059999465942383,16.059999465942383,16.010000228881836,16.030000686645508,2300
2024-04-10,16.1200008392334,16.170000076293945,16.1200008392334,16.149999618530273,241
2024-04-11,15.989999771118164,15.989999771118164,15.960000038146973,15.989999771118164,3776
2024-04-12,15.989999771118164,15.989999771118164,15.949999809265137,15.970000267028809,1855
2024-04-15,15.920000076293945,15.960000038146973,15.899999618530273,15.960000038146973,73755
2024-04-16,15.779999732971191,15.930000305175781,15.779999732971191,15.930000305175781,10509
2024-04-17,15.760000228881836,15.930000305175781,15.760000228881836,15.930000305175781,5628
2024-04-18,15.829999923706055,15.829999923706055,15.75,15.829999923706055,236
2024-04-19,15.699999809265137,15.920000076293945,15.699999809265137,15.869999885559082,20195
2024-04-22,15.890000343322754,15.930000305175781,15.890000343322754,15.890000343322754,13170
2024-04-23,15.930000305175781,15.9399995803833,15.819999694824219,15.819999694824219,30840
2024-04-24,15.949999809265137,15.949999809265137,15.819999694824219,15.819999694824219,24
2024-04-25,15.949999809265137,15.989999771118164,15.829999923706055,15.9399995803833,39965
2024-04-26,15.949999809265137,15.949999809265137,15.949999809265137,15.949999809265137,3
2024-04-29,15.979999542236328,15.979999542236328,15.710000038146973,15.899999618530273,54155
2024-04-30,15.869999885559082,15.979999542236328,15.789999961853027,15.84000015258789,967
2024-05-02,15.979999542236328,16.0,15.770000457763672,15.979999542236328,19319
2024-05-03,16.049999237060547,16.049999237060547,16.0,16.010000228881836,56392
2024-05-06,15.960000038146973,15.989999771118164,15.960000038146973,15.989999771118164,50325
2024-05-07,15.899999618530273,16.100000381469727,15.859999656677246,16.059999465942383,2521
2024-05-08,16.0,16.100000381469727,15.949999809265137,15.949999809265137,15014
2024-05-09,15.979999542236328,16.059999465942383,15.930000305175781,16.059999465942383,28169
2024-05-10,15.9399995803833,16.329999923706055,15.930000305175781,16.049999237060547,32701
2024-05-13,15.949999809265137,16.149999618530273,15.949999809265137,16.079999923706055,22459
2024-05-14,15.989999771118164,16.079999923706055,15.960000038146973,16.079999923706055,20058
2024-05-15,16.100000381469727,16.229999542236328,15.960000038146973,16.079999923706055,29948
2024-05-16,16.0,16.139999389648438,15.960000038146973,16.139999389648438,953825
2024-05-17,15.960000038146973,16.079999923706055,15.949999809265137,16.079999923706055,13845
2024-05-20,15.949999809265137,16.06999969482422,15.930000305175781,16.010000228881836,22042
2024-05-21,15.989999771118164,15.989999771118164,15.949999809265137,15.989999771118164,5092
2024-05-22,15.90999984741211,16.059999465942383,15.90999984741211,16.030000686645508,6187
2024-05-23,15.960000038146973,15.960000038146973,15.90999984741211,15.949999809265137,12726
2024-05-24,15.949999809265137,16.25,15.930000305175781,16.040000915527344,17393
2024-05-27,16.079999923706055,16.100000381469727,15.960000038146973,16.040000915527344,8897
2024-05-28,16.010000228881836,16.139999389648438,16.0,16.079999923706055,10591
2024-05-29,15.930000305175781,16.09000015258789,15.890000343322754,16.040000915527344,12650
2024-05-31,15.930000305175781,16.030000686645508,15.930000305175781,16.030000686645508,6203
2024-06-03,15.949999809265137,16.059999465942383,15.9399995803833,16.049999237060547,7117
2024-06-04,15.970000267028809,16.030000686645508,15.949999809265137,15.949999809265137,5262
2024-06-05,16.06999969482422,16.06999969482422,15.9399995803833,15.970000267028809,8901
2024-06-06,15.989999771118164,16.059999465942383,15.970000267028809,16.030000686645508,16131
2024-06-07,15.8100004196167,16.059999465942383,15.770000457763672,16.030000686645508,5464
2024-06-10,15.8100004196167,16.010000228881836,15.8100004196167,16.010000228881836,8221
2024-06-11,15.880000114440918,15.890000343322754,15.800000190734863,15.8100004196167,5807
2024-06-12,15.8100004196167,15.9399995803833,15.789999961853027,15.90999984741211,7481
2024-06-13,15.869999885559082,15.90999984741211,15.789999961853027,15.880000114440918,7329
2024-06-14,15.859999656677246,15.979999542236328,15.800000190734863,15.90999984741211,7330
2024-06-17,15.880000114440918,15.979999542236328,15.84000015258789,15.859999656677246,8291
2024-06-18,15.859999656677246,15.90999984741211,15.84000015258789,15.90999984741211,8009
2024-06-19,15.829999923706055,15.920000076293945,15.819999694824219,15.920000076293945,4603
2024-06-20,15.960000038146973,15.960000038146973,15.880000114440918,15.930000305175781,7625
2024-06-21,15.899999618530273,15.979999542236328,15.869999885559082,15.960000038146973,26232
2024-06-24,15.970000267028809,16.059999465942383,15.930000305175781,15.930000305175781,4052
2024-06-25,15.949999809265137,16.049999237060547,15.90999984741211,16.010000228881836,5820
2024-06-26,15.979999542236328,16.030000686645508,15.890000343322754,16.020000457763672,7301
2024-06-27,15.869999885559082,16.030000686645508,15.84000015258789,15.979999542236328,1894262
2024-06-28,15.869999885559082,15.979999542236328,15.75,15.979999542236328,10546
2024-07-01,15.819999694824219,15.960000038146973,15.699999809265137,15.960000038146973,12456
2024-07-02,15.819999694824219,15.819999694824219,15.729999542236328,15.819999694824219,4141
2024-07-03,15.9399995803833,15.9399995803833,15.819999694824219,15.819999694824219,14447
2024-07-04,15.949999809265137,15.979999542236328,15.779999732971191,15.9399995803833,973
2024-07-05,15.979999542236328,16.030000686645508,15.819999694824219,16.0,9438
2024-07-08,16.020000457763672,16.079999923706055,15.949999809265137,15.979999542236328,17228
2024-07-09,16.06999969482422,16.06999969482422,16.0,16.020000457763672,1220
2024-07-10,16.15999984741211,16.170000076293945,16.100000381469727,16.100000381469727,2132
2024-07-11,16.139999389648438,16.18000030517578,16.06999969482422,16.15999984741211,8320
2024-07-12,16.15999984741211,16.200000762939453,16.09000015258789,16.139999389648438,8465
2024-07-15,16.1299991607666,16.229999542236328,16.1200008392334,16.15999984741211,7960
2024-07-16,16.15999984741211,16.239999771118164,16.0,16.149999618530273,9533
2024-07-17,16.100000381469727,16.139999389648438,16.100000381469727,16.139999389648438,19514
2024-07-18,16.049999237060547,16.25,16.020000457763672,16.15999984741211,33532
2024-07-19,16.059999465942383,16.09000015258789,16.0,16.09000015258789,2027
2024-07-22,16.06999969482422,16.18000030517578,15.949999809265137,16.059999465942383,18972
2024-07-23,16.030000686645508,16.06999969482422,16.0,16.06999969482422,1802
2024-07-24,16.0,16.290000915527344,15.970000267028809,16.139999389648438,4065
2024-07-25,15.949999809265137,16.31999969482422,15.90999984741211,16.0,5358
2024-07-26,16.020000457763672,16.18000030517578,15.9399995803833,16.079999923706055,33472
2024-07-29,15.960000038146973,16.09000015258789,15.930000305175781,16.09000015258789,12735
2024-07-30,15.989999771118164,16.0,15.859999656677246,15.9399995803833,5992
2024-07-31,16.079999923706055,16.079999923706055,15.899999618530273,15.9399995803833,2654
2024-08-01,16.06999969482422,16.15999984741211,16.010000228881836,16.1200008392334,14748
2024-08-02,16.200000762939453,16.200000762939453,16.06999969482422,16.06999969482422,44458
2024-08-05,16.229999542236328,16.239999771118164,16.15999984741211,16.200000762939453,1323572
2024-08-06,16.110000610351562,16.25,16.110000610351562,16.25,15599
2024-08-07,16.1299991607666,16.25,16.110000610351562,16.25,622655
2024-08-08,16.15999984741211,16.219999313354492,16.100000381469727,16.219999313354492,2600
2024-08-09,16.239999771118164,16.25,16.09000015258789,16.25,5325
2024-08-12,16.209999084472656,16.3799991607666,16.040000915527344,16.18000030517578,19457
2024-08-13,16.299999237060547,16.31999969482422,16.1299991607666,16.209999084472656,6599
2024-08-14,16.350000381469727,16.350000381469727,16.139999389648438,16.290000915527344,1439
2024-08-15,16.280000686645508,16.350000381469727,16.270000457763672,16.350000381469727,4257
2024-08-16,16.270000457763672,16.290000915527344,16.239999771118164,16.280000686645508,2601
2024-08-19,16.329999923706055,16.350000381469727,16.270000457763672,16.270000457763672,8784
2024-08-20,16.399999618530273,16.399999618530273,16.31999969482422,16.350000381469727,4438
2024-08-21,16.270000457763672,16.399999618530273,16.270000457763672,16.399999618530273,2958
2024-08-22,16.229999542236328,16.389999389648438,16.229999542236328,16.3799991607666,5230
2024-08-23,16.329999923706055,16.3700008392334,16.260000228881836,16.3700008392334,4863
2024-08-26,16.350000381469727,16.3700008392334,16.329999923706055,16.350000381469727,9599
2024-08-27,16.329999923706055,16.399999618530273,16.329999923706055,16.399999618530273,4592
2024-08-28,16.280000686645508,16.399999618530273,16.280000686645508,16.399999618530273,3809
2024-08-29,16.239999771118164,16.3700008392334,16.18000030517578,16.280000686645508,5137
2024-08-30,16.15999984741211,16.31999969482422,16.1299991607666,16.270000457763672,17811
2024-09-02,16.149999618530273,16.309999465942383,16.1299991607666,16.15999984741211,4122
2024-09-03,16.15999984741211,16.329999923706055,16.149999618530273,16.31999969482422,2621
2024-09-04,16.200000762939453,16.31999969482422,16.190000534057617,16.31999969482422,26760
2024-09-05,16.299999237060547,16.329999923706055,16.200000762939453,16.31999969482422,2348
2024-09-06,16.309999465942383,16.329999923706055,16.270000457763672,16.329999923706055,1678
2024-09-09,16.350000381469727,16.350000381469727,16.290000915527344,16.31999969482422,6160
2024-09-10,16.299999237060547,16.360000610351562,16.280000686645508,16.360000610351562,3234
2024-09-11,16.31999969482422,16.389999389648438,16.280000686645508,16.350000381469727,2667
2024-09-12,16.280000686645508,16.3700008392334,16.219999313354492,16.3700008392334,2992
2024-09-13,16.299999237060547,16.360000610351562,16.290000915527344,16.329999923706055,8359
2024-09-16,16.260000228881836,16.31999969482422,16.25,16.31999969482422,9487
2024-09-17,16.290000915527344,16.31999969482422,16.260000228881836,16.31999969482422,2839
2024-09-18,16.299999237060547,16.329999923706055,16.190000534057617,16.190000534057617,4621
2024-09-19,16.290000915527344,16.34000015258789,16.200000762939453,16.229999542236328,2953
2024-09-20,16.15999984741211,16.290000915527344,16.1200008392334,16.290000915527344,2802
2024-09-23,16.100000381469727,16.209999084472656,16.06999969482422,16.15999984741211,8067
2024-09-24,16.200000762939453,16.200000762939453,16.049999237060547,16.049999237060547,1308
2024-09-25,16.209999084472656,16.239999771118164,16.09000015258789,16.100000381469727,2053
2024-09-26,16.260000228881836,16.290000915527344,16.149999618530273,16.270000457763672,1024
2024-09-27,16.18000030517578,16.260000228881836,16.139999389648438,16.260000228881836,1708
2024-09-30,16.149999618530273,16.25,16.1200008392334,16.18000030517578,4921
2024-10-01,16.209999084472656,16.239999771118164,16.100000381469727,16.229999542236328,2942
2024-10-02,16.229999542236328,16.229999542236328,16.149999618530273,16.209999084472656,3550
2024-10-03,16.15999984741211,16.219999313354492,16.110000610351562,16.219999313354492,1140859
2024-10-04,16.200000762939453,16.200000762939453,16.1200008392334,16.15999984741211,2368
2024-10-07,16.149999618530273,16.209999084472656,16.040000915527344,16.200000762939453,2930
2024-10-08,16.170000076293945,16.200000762939453,16.15999984741211,16.190000534057617,4490
2024-10-09,16.110000610351562,16.219999313354492,16.100000381469727,16.190000534057617,2511
2024-10-10,15.850000381469727,16.200000762939453,15.850000381469727,16.110000610351562,40368
2024-10-11,16.059999465942383,16.059999465942383,15.84000015258789,15.850000381469727,5509
2024-10-14,16.020000457763672,16.15999984741211,15.970000267028809,16.110000610351562,10094
2024-10-15,16.059999465942383,16.170000076293945,16.040000915527344,16.040000915527344,18824
2024-10-16,16.079999923706055,16.15999984741211,16.030000686645508,16.15999984741211,4974
2024-10-17,16.170000076293945,16.170000076293945,16.020000457763672,16.170000076293945,2496
2024-10-18,16.040000915527344,16.170000076293945,16.0,16.139999389648438,7390
2024-10-21,16.049999237060547,16.139999389648438,16.010000228881836,16.139999389648438,1648
2024-10-22,16.030000686645508,16.110000610351562,16.030000686645508,16.110000610351562,409
2024-10-23,16.049999237060547,16.110000610351562,16.010000228881836,16.010000228881836,3715
2024-10-24,16.15999984741211,16.15999984741211,15.949999809265137,16.049999237060547,3026
2024-10-25,16.1200008392334,16.15999984741211,16.100000381469727,16.149999618530273,1277
2024-10-28,16.1200008392334,16.15999984741211,16.049999237060547,16.1200008392334,74112
2024-10-29,16.049999237060547,16.18000030517578,16.049999237060547,16.18000030517578,12640
2024-10-30,16.110000610351562,16.139999389648438,16.059999465942383,16.1299991607666,2096
2024-10-31,16.09000015258789,16.139999389648438,16.049999237060547,16.139999389648438,1218
2024-11-01,15.949999809265137,16.139999389648438,15.949999809265137,16.049999237060547,2712
2024-11-04,16.049999237060547,16.09000015258789,15.949999809265137,15.970000267028809,1521
2024-11-05,16.1200008392334,16.1200008392334,15.960000038146973,15.979999542236328,6392
2024-11-06,16.1200008392334,16.1200008392334,15.960000038146973,15.979999542236328,8241
2024-11-07,16.1200008392334,16.15999984741211,16.049999237060547,16.15999984741211,6613
2024-11-08,16.09000015258789,16.34000015258789,16.049999237060547,16.219999313354492,13236
2024-11-11,16.049999237060547,16.18000030517578,16.020000457763672,16.18000030517578,3241
2024-11-12,16.020000457763672,16.18000030517578,15.979999542236328,16.149999618530273,6055
2024-11-13,16.020000457763672,16.1200008392334,15.970000267028809,16.1200008392334,1245
2024-11-14,16.030000686645508,16.06999969482422,15.850000381469727,15.880000114440918,3556
2024-11-18,16.0,16.100000381469727,15.949999809265137,16.100000381469727,1783
2024-11-19,16.040000915527344,16.09000015258789,15.859999656677246,16.09000015258789,2484
2024-11-21,16.06999969482422,16.100000381469727,15.859999656677246,16.079999923706055,11428
2024-11-22,16.020000457763672,16.06999969482422,15.880000114440918,16.06999969482422,24446
2024-11-25,16.139999389648438,16.139999389648438,15.930000305175781,16.020000457763672,18343
2024-11-26,16.100000381469727,16.18000030517578,16.010000228881836,16.149999618530273,8562
2024-11-27,16.0,16.149999618530273,15.949999809265137,16.139999389648438,4693
2024-11-28,15.850000381469727,16.100000381469727,15.850000381469727,16.09000015258789,6392
2024-11-29,15.8100004196167,16.0,15.729999542236328,16.0,11564
2024-12-02,15.930000305175781,16.059999465942383,15.819999694824219,15.850000381469727,15427
2024-12-03,15.760000228881836,16.020000457763672,15.729999542236328,16.010000228881836,6384
2024-12-04,15.789999961853027,15.930000305175781,15.729999542236328,15.920000076293945,15244
2024-12-05,15.760000228881836,15.9399995803833,15.739999771118164,15.789999961853027,1579
2024-12-06,15.670000076293945,15.890000343322754,15.59000015258789,15.829999923706055,5788
2024-12-09,15.649999618530273,15.819999694824219,15.550000190734863,15.819999694824219,4967
2024-12-10,15.65999984741211,15.760000228881836,15.539999961853027,15.640000343322754,7255
2024-12-11,15.819999694824219,15.819999694824219,15.600000381469727,15.600000381469727,4301
2024-12-12,15.720000267028809,15.90999984741211,15.600000381469727,15.899999618530273,7821
2024-12-13,15.619999885559082,15.800000190734863,15.399999618530273,15.770000457763672,54909
2024-12-16,15.529999732971191,15.619999885559082,15.399999618530273,15.619999885559082,8031
2024-12-17,15.430000305175781,15.5600004196167,15.300000190734863,15.449999809265137,5834
2024-12-18,15.359999656677246,15.529999732971191,15.300000190734863,15.529999732971191,4823
2024-12-19,15.479999542236328,15.539999961853027,15.199999809265137,15.270000457763672,8938
2024-12-20,15.569999694824219,15.729999542236328,15.460000038146973,15.59000015258789,4254
2024-12-23,15.550000190734863,15.699999809265137,15.520000457763672,15.569999694824219,6465
2024-12-26,15.430000305175781,15.550000190734863,15.34000015258789,15.550000190734863,25524
2024-12-27,15.550000190734863,15.550000190734863,15.40999984741211,15.550000190734863,5676
2024-12-30,15.369999885559082,15.899999618530273,15.34000015258789,15.640000343322754,16672
2025-01-02,15.59000015258789,15.59000015258789,15.369999885559082,15.529999732971191,13433
2025-01-03,15.539999961853027,15.630000114440918,15.470000267028809,15.579999923706055,2758
2025-01-06,15.699999809265137,15.699999809265137,15.5,15.539999961853027,6849
2025-01-07,15.600000381469727,15.739999771118164,15.600000381469727,15.670000076293945,15706
2025-01-08,15.600000381469727,15.729999542236328,15.579999923706055,15.649999618530273,3672
2025-01-09,15.779999732971191,15.789999961853027,15.609999656677246,15.760000228881836,7503
2025-01-10,15.640000343322754,15.770000457763672,15.609999656677246,15.770000457763672,4758
2025-01-13,15.65999984741211,15.760000228881836,15.640000343322754,15.640000343322754,3376
2025-01-14,15.710000038146973,15.729999542236328,15.649999618530273,15.670000076293945,3891
2025-01-15,15.850000381469727,15.850000381469727,15.699999809265137,15.770000457763672,5300
2025-01-16,15.859999656677246,15.899999618530273,15.710000038146973,15.850000381469727,4629
2025-01-17,15.739999771118164,15.859999656677246,15.720000267028809,15.859999656677246,34216
2025-01-20,15.800000190734863,16.030000686645508,15.739999771118164,15.880000114440918,25237
2025-01-21,15.800000190734863,15.819999694824219,15.59000015258789,15.739999771118164,8623
2025-01-22,15.8100004196167,15.869999885559082,15.779999732971191,15.800000190734863,9159
2025-01-23,15.84000015258789,15.84000015258789,15.75,15.75,4690
2025-01-24,15.789999961853027,15.880000114440918,15.760000228881836,15.880000114440918,3302
2025-01-27,15.800000190734863,15.880000114440918,15.770000457763672,15.880000114440918,7106
2025-01-28,15.84000015258789,15.880000114440918,15.800000190734863,15.880000114440918,5730
2025-01-29,15.850000381469727,15.930000305175781,15.789999961853027,15.880000114440918,9138
2025-01-30,15.989999771118164,15.989999771118164,15.859999656677246,15.930000305175781,2800
2025-01-31,15.979999542236328,16.06999969482422,15.970000267028809,15.989999771118164,3918
2025-02-03,16.09000015258789,16.100000381469727,16.010000228881836,16.059999465942383,2493
2025-02-04,16.09000015258789,16.149999618530273,16.010000228881836,16.139999389648438,2807
2025-02-05,16.020000457763672,16.149999618530273,16.020000457763672,16.100000381469727,3555
2025-02-06,16.059999465942383,16.149999618530273,16.0,16.149999618530273,3981
2025-02-07,15.960000038146973,16.149999618530273,15.960000038146973,16.149999618530273,3194
2025-02-10,15.970000267028809,16.149999618530273,15.949999809265137,16.1200008392334,3562
2025-02-11,16.020000457763672,16.049999237060547,15.970000267028809,15.970000267028809,2947
2025-02-12,15.920000076293945,16.100000381469727,15.920000076293945,16.100000381469727,4515
2025-02-13,16.059999465942383,16.100000381469727,15.930000305175781,15.930000305175781,3882
2025-02-14,16.18000030517578,16.18000030517578,16.0,16.059999465942383,23750
2025-02-17,16.270000457763672,16.280000686645508,16.149999618530273,16.18000030517578,7889
2025-02-18,16.25,16.329999923706055,16.219999313354492,16.299999237060547,7075
2025-02-19,16.219999313354492,16.299999237060547,16.209999084472656,16.299999237060547,7020
2025-02-20,16.260000228881836,16.270000457763672,16.219999313354492,16.25,3564
2025-02-21,16.149999618530273,16.350000381469727,16.149999618530273,16.329999923706055,5163
2025-02-24,16.31999969482422,16.360000610351562,16.149999618530273,16.31999969482422,3206
2025-02-25,16.309999465942383,16.3700008392334,16.299999237060547,16.31999969482422,4019
2025-02-26,16.219999313354492,16.3799991607666,16.0,16.3700008392334,5739
2025-02-27,16.200000762939453,16.229999542236328,16.15999984741211,16.219999313354492,19269
2025-02-28,16.06999969482422,16.360000610351562,15.9399995803833,16.290000915527344,5100
2025-03-05,16.270000457763672,16.270000457763672,16.06999969482422,16.06999969482422,1909
2025-03-06,16.209999084472656,16.309999465942383,16.149999618530273,16.200000762939453,2572
2025-03-07,16.34000015258789,16.34000015258789,16.209999084472656,16.270000457763672,3009
